{
  "wine_glass": [130.95374, 53.3262, 33.77254, 34.0196],
  "charger": [31.09324, 109.4410, 108.05350, 108.1581],
  "napkin": [31.52419, 295.9019, 22.96762, 94.5322],
  "table_cloth": [87.48688, 248.7223, 272.13020, 182.6194],
  "water_glass": [397.06339, 234.4394, 32.88121, 32.8812],
  "bread_plate": [382.68898, 284.9978, 56.25404, 56.3085],
  "dinner_knife": [413.61426, 129.7101, 9.63549, 79.2679],
  "salad_knife": [390.10152, 136.3223, 8.27695, 65.1475],
  "butter_knife": [365.92603, 38.9660, 6.45193, 58.2599],
  "salad_fork": [304.67388, 137.9880, 9.78822, 68.9841],
  "dinner_fork": [328.33156, 135.6611, 11.75297, 73.6379],
  "soup_spoon": [307.74643, 35.3191, 13.49916, 70.0339],
  "dessert_fork": [357.85065, 151.1381, 6.47470, 44.4757],
  "dessert_spoon": [343.04492, 50.1234, 8.31014, 42.2172],
  "dinner_plate": [172.97219, 109.3029, 110.11960, 110.2262],
  "wine_glass_1": [22.98573, 52.8782, 33.77254, 34.0196],
  "wine_glass_2": [76.29773, 52.8782, 33.77254, 34.0196],
  "coffee": [381.28774, 366.0258, 61.74454, 61.8043]
}