{
  "wine_glass": [300.92493, 371.2315, 33.77254, 34.0196],
  "charger": [289.81085, 225.6818, 134.49030, 134.6205],
  "napkin": [216.11593, 8.6354, 34.58417, 101.8973],
  "table_cloth": [34.14542, 244.1951, 231.86920, 175.5459],
  "water_glass": [406.02340, 109.8954, 32.88121, 32.8812],
  "bread_plate": [59.23378, 148.3516, 70.58843, 70.6568],
  "dinner_knife": [374.61340, 108.1094, 9.68520, 109.0292],
  "salad_knife": [351.11505, 122.4367, 8.29789, 77.6866],
  "butter_knife": [332.88858, 141.5582, 6.22284, 58.2595],
  "salad_fork": [273.30940, 149.1877, 9.79720, 74.3607],
  "dinner_fork": [292.47690, 127.8033, 11.78222, 91.1454],
  "soup_spoon": [174.86207, 131.0193, 14.05185, 82.0254],
  "dessert_fork": [226.20426, 150.8101, 8.13548, 55.8838],
  "dessert_spoon": [200.23096, 153.2415, 9.90608, 52.8130],
  "dinner_plate": [43.07511, 25.1040, 105.59380, 105.6960],
  "wine_glass_1": [380.70478, 371.8676, 33.77254, 34.0196],
  "wine_glass_2": [341.06574, 372.3022, 33.77254, 34.0196],
  "coffee": [295.00414, 13.6239, 74.82372, 74.8961]
}