{
  "wine_glass": [405.57777, 135.3102, 33.77254, 34.0196],
  "charger": [144.48903, 95.5970, 124.07790, 124.1980],
  "napkin": [310.56561, 359.0095, 29.63358, 69.1169],
  "table_cloth": [86.12729, 231.3314, 272.16140, 201.2732],
  "water_glass": [19.39939, 66.8874, 32.88121, 32.8812],
  "bread_plate": [253.17556, 13.0121, 73.36090, 73.4319],
  "dinner_knife": [374.18120, 191.0373, 9.65361, 90.1175],
  "salad_knife": [428.61076, 211.0994, 8.31449, 87.6251],
  "butter_knife": [404.00602, 288.0540, 6.45193, 58.2599],
  "salad_fork": [39.90589, 240.5800, 9.78822, 68.9841],
  "dinner_fork": [39.81241, 340.6219, 11.76719, 82.1482],
  "soup_spoon": [372.70642, 302.7751, 13.49916, 70.0339],
  "dessert_fork": [403.99175, 366.1774, 7.37652, 44.4772],
  "dessert_spoon": [429.50893, 318.9234, 8.31014, 42.2172],
  "dinner_plate": [21.54819, 111.5429, 110.11960, 110.2262],
  "wine_glass_1": [297.60974, 134.8622, 33.77254, 34.0196],
  "wine_glass_2": [350.92172, 134.8622, 33.77254, 34.0196],
  "coffee": [352.16774, 16.1378, 61.74454, 61.8043]
}