{
  "wine_glass": [93.73389, 362.7060, 33.77254, 34.0196],
  "charger": [293.39486, 291.9858, 134.49030, 134.6205],
  "napkin": [233.13992, 331.1954, 34.58417, 101.8973],
  "table_cloth": [35.93741, 138.4671, 231.86920, 175.5459],
  "water_glass": [41.35139, 42.2474, 32.88121, 32.8812],
  "bread_plate": [353.56977, 22.4636, 70.58843, 70.6568],
  "dinner_knife": [257.68541, 12.2374, 9.68520, 109.0292],
  "salad_knife": [122.63505, 20.2927, 8.29789, 77.6866],
  "butter_knife": [288.53659, 16.1182, 6.22284, 58.2595],
  "salad_fork": [199.83739, 37.1877, 9.79720, 74.3607],
  "dinner_fork": [156.28489, 15.8033, 11.78222, 91.1454],
  "soup_spoon": [298.06207, 183.8833, 14.05185, 82.0254],
  "dessert_fork": [176.02827, 39.2581, 8.13548, 55.8838],
  "dessert_spoon": [219.49496, 47.9615, 9.90608, 52.8130],
  "dinner_plate": [323.97112, 161.7440, 105.59380, 105.6960],
  "wine_glass_1": [173.51374, 363.3422, 33.77254, 34.0196],
  "wine_glass_2": [133.87474, 363.7767, 33.77254, 34.0196],
  "coffee": [287.83615, 87.9919, 74.82372, 74.8961]
}