{
  "wine_glass": [146.18573, 87.3742, 33.77254, 34.0196],
  "charger": [218.80525, 16.7050, 108.05350, 108.1581],
  "napkin": [130.53219, 316.9579, 22.96762, 94.5322],
  "table_cloth": [170.81488, 248.7223, 272.13020, 182.6194],
  "water_glass": [88.83939, 320.4554, 32.88121, 32.8812],
  "bread_plate": [169.88898, 153.7338, 56.25404, 56.3085],
  "dinner_knife": [295.34226, 137.3261, 9.63549, 79.2679],
  "salad_knife": [271.82952, 143.9383, 8.27695, 65.1475],
  "butter_knife": [419.68604, 157.6860, 6.45193, 58.2599],
  "salad_fork": [324.38590, 146.9480, 9.78822, 68.9841],
  "dinner_fork": [348.04355, 144.6211, 11.75297, 73.6379],
  "soup_spoon": [243.23443, 140.1511, 13.49916, 70.0339],
  "dessert_fork": [378.01066, 166.8181, 6.47470, 44.4757],
  "dessert_spoon": [396.80492, 168.8434, 8.31014, 42.2172],
  "dinner_plate": [30.95619, 198.9029, 110.11960, 110.2262],
  "wine_glass_1": [38.21773, 86.9262, 33.77254, 34.0196],
  "wine_glass_2": [91.52973, 86.9262, 33.77254, 34.0196],
  "coffee": [30.95173, 340.0419, 61.74454, 61.8043]
}