{
  "wine_glass": [410.05779, 178.3182, 33.77254, 34.0196],
  "charger": [301.73703, 17.1970, 124.07790, 124.1980],
  "napkin": [25.50321, 342.6576, 29.63358, 69.1169],
  "table_cloth": [17.13530, 109.0274, 272.16140, 201.2732],
  "water_glass": [338.82339, 307.9114, 32.88121, 32.8812],
  "bread_plate": [283.19154, 353.4921, 73.36090, 73.4319],
  "dinner_knife": [427.04519, 337.9813, 9.65361, 90.1175],
  "salad_knife": [400.83475, 339.6754, 8.31449, 87.6251],
  "butter_knife": [381.15802, 353.4620, 6.45193, 58.2599],
  "salad_fork": [214.17789, 354.3720, 9.78822, 68.9841],
  "dinner_fork": [237.82842, 347.7899, 11.76719, 82.1482],
  "soup_spoon": [263.84241, 352.0551, 13.49916, 70.0339],
  "dessert_fork": [398.61574, 241.6334, 7.37652, 44.4772],
  "dessert_spoon": [419.20493, 242.7634, 8.31014, 42.2172],
  "dinner_plate": [74.41220, 322.5509, 110.11960, 110.2262],
  "wine_glass_1": [302.08974, 177.8702, 33.77254, 34.0196],
  "wine_glass_2": [355.40172, 177.8702, 33.77254, 34.0196],
  "coffee": [311.39973, 229.3858, 61.74454, 61.8043]
}