{
  "wine_glass": [165.44973, 106.1902, 33.77254, 34.0196],
  "charger": [295.63485, 14.2258, 134.49030, 134.6205],
  "napkin": [300.03683, 168.2027, 45.94235, 94.5705],
  "table_cloth": [21.04012, 259.8502, 261.66380, 175.5956],
  "water_glass": [212.03939, 207.1114, 32.88121, 32.8812],
  "bread_plate": [364.76979, 282.3036, 70.58843, 70.6568],
  "dinner_knife": [387.16836, 163.0511, 9.66329, 95.9138],
  "salad_knife": [361.86057, 178.1448, 8.31084, 85.4384],
  "butter_knife": [82.79008, 151.8620, 6.45193, 58.2599],
  "salad_fork": [101.27740, 147.3957, 9.79720, 74.3607],
  "dinner_fork": [124.93389, 145.2890, 11.76421, 80.3661],
  "soup_spoon": [410.96577, 183.1093, 14.03648, 72.8215],
  "dessert_fork": [31.32426, 155.7381, 8.13548, 55.8838],
  "dessert_spoon": [55.28205, 156.8251, 10.39599, 52.8138],
  "dinner_plate": [23.96473, 12.7081, 116.93450, 117.0477],
  "wine_glass_1": [160.07374, 206.5422, 33.77254, 34.0196],
  "wine_glass_2": [160.52173, 155.4702, 33.77254, 34.0196],
  "coffee": [303.96415, 354.5519, 74.82372, 74.8961]
}