{
  "wine_glass": [69.57773, 19.7262, 33.77254, 34.0196],
  "charger": [305.83715, 3.8191, 136.48570, 136.6178],
  "napkin": [358.80341, 192.5155, 25.17718, 112.2490],
  "table_cloth": [12.16852, 131.1365, 308.97500, 206.3350],
  "water_glass": [405.12739, 153.7994, 32.88121, 32.8812],
  "bread_plate": [177.30515, 351.9869, 79.05370, 79.1302],
  "dinner_knife": [345.50081, 331.1346, 9.67049, 100.2269],
  "salad_knife": [63.94514, 350.2196, 8.30172, 79.9767],
  "butter_knife": [406.69857, 305.5504, 6.44287, 52.8352],
  "salad_fork": [91.81999, 351.9158, 12.58402, 80.1684],
  "dinner_fork": [372.99618, 333.9189, 13.81585, 96.4501],
  "soup_spoon": [24.37612, 349.9732, 15.75976, 82.2617],
  "dessert_fork": [154.71601, 356.9814, 7.75198, 46.7411],
  "dessert_spoon": [124.94298, 358.2396, 9.05805, 46.0168],
  "dinner_plate": [172.97219, 8.9509, 110.11960, 110.2262],
  "wine_glass_1": [117.51374, 20.1742, 33.77254, 34.0196],
  "wine_glass_2": [22.98573, 21.9662, 33.77254, 34.0196],
  "coffee": [264.90414, 362.9855, 63.34372, 63.4050]
}