{
  "wine_glass": [266.21388, 30.2900, 33.77254, 34.0196],
  "charger": [45.20285, 299.6018, 134.49030, 134.6205],
  "napkin": [38.25992, 141.6914, 34.58417, 101.8973],
  "table_cloth": [196.76942, 138.9151, 231.86920, 175.5459],
  "water_glass": [406.02340, 27.4634, 32.88121, 32.8812],
  "bread_plate": [352.22579, 340.9916, 70.58843, 70.6568],
  "dinner_knife": [229.46140, 324.0454, 9.68520, 109.0292],
  "salad_knife": [249.86704, 345.5407, 8.29789, 77.6866],
  "butter_knife": [273.30457, 354.8062, 6.22284, 58.2595],
  "salad_fork": [141.14935, 167.1077, 9.79720, 74.3607],
  "dinner_fork": [97.59690, 145.7233, 11.78222, 91.1454],
  "soup_spoon": [294.03007, 333.0673, 14.05185, 82.0254],
  "dessert_fork": [117.34026, 169.1781, 8.13548, 55.8838],
  "dessert_spoon": [160.80696, 177.8815, 9.90608, 52.8130],
  "dinner_plate": [27.39511, 9.4240, 105.59380, 105.6960],
  "wine_glass_1": [345.99373, 30.9262, 33.77254, 34.0196],
  "wine_glass_2": [306.35475, 31.3607, 33.77254, 34.0196],
  "coffee": [164.18814, 21.6879, 74.82372, 74.8961]
}