{
  "wine_glass": [34.63373, 386.1902, 33.77254, 34.0196],
  "charger": [112.23304, 11.8210, 124.07790, 124.1980],
  "napkin": [157.66321, 148.2255, 29.63358, 69.1169],
  "table_cloth": [86.12729, 231.3314, 272.16140, 201.2732],
  "water_glass": [19.39939, 66.8874, 32.88121, 32.8812],
  "bread_plate": [253.17556, 13.0121, 73.36090, 73.4319],
  "dinner_knife": [280.99720, 124.7333, 9.65361, 90.1175],
  "salad_knife": [313.02676, 123.2914, 8.31449, 87.6251],
  "butter_knife": [376.23003, 145.1420, 6.45193, 58.2599],
  "salad_fork": [248.67388, 136.6440, 9.78822, 68.9841],
  "dinner_fork": [214.98041, 128.2699, 11.76719, 82.1482],
  "soup_spoon": [339.55442, 136.1191, 13.49916, 70.0339],
  "dessert_fork": [427.28775, 156.5134, 7.37652, 44.4772],
  "dessert_spoon": [399.04492, 155.4034, 8.31014, 42.2172],
  "dinner_plate": [21.54819, 111.5429, 110.11960, 110.2262],
  "wine_glass_1": [30.15373, 264.7822, 33.77254, 34.0196],
  "wine_glass_2": [31.49773, 323.0222, 33.77254, 34.0196],
  "coffee": [373.22374, 351.6898, 61.74454, 61.8043]
}