{
  "wine_glass": [410.05779, 178.3182, 33.77254, 34.0196],
  "charger": [149.81325, 314.1770, 108.05350, 108.1581],
  "napkin": [283.74818, 327.2619, 22.96762, 94.5322],
  "table_cloth": [17.15088, 118.3543, 272.13020, 182.6194],
  "water_glass": [347.78341, 302.9834, 32.88121, 32.8812],
  "bread_plate": [382.68898, 232.1337, 56.25404, 56.3085],
  "dinner_knife": [426.60626, 338.4781, 9.63549, 79.2679],
  "salad_knife": [403.09352, 345.0903, 8.27695, 65.1475],
  "butter_knife": [381.15802, 353.4620, 6.45193, 58.2599],
  "salad_fork": [346.33788, 86.0200, 9.78822, 68.9841],
  "dinner_fork": [369.99551, 83.6931, 11.75297, 73.6379],
  "soup_spoon": [330.59443, 349.8151, 13.49916, 70.0339],
  "dessert_fork": [399.51465, 99.1701, 6.47470, 44.4757],
  "dessert_spoon": [357.38092, 364.6194, 8.31014, 42.2172],
  "dinner_plate": [25.58020, 315.3829, 110.11960, 110.2262],
  "wine_glass_1": [302.08974, 177.8702, 33.77254, 34.0196],
  "wine_glass_2": [355.40172, 177.8702, 33.77254, 34.0196],
  "coffee": [311.39973, 229.3858, 61.74454, 61.8043]
}