{
  "wine_glass": [35.70893, 19.1034, 33.77254, 34.0196],
  "charger": [37.58685, 93.5218, 134.49030, 134.6205],
  "napkin": [216.11593, 124.2194, 34.58417, 101.8973],
  "table_cloth": [34.14542, 244.1951, 231.86920, 175.5459],
  "water_glass": [259.07940, 99.1434, 32.88121, 32.8812],
  "bread_plate": [344.16179, 238.3996, 70.58843, 70.6568],
  "dinner_knife": [345.49340, 108.1094, 9.68520, 109.0292],
  "salad_knife": [321.99505, 122.4367, 8.29789, 77.6866],
  "butter_knife": [303.76858, 141.5582, 6.22284, 58.2595],
  "salad_fork": [273.30940, 149.1877, 9.79720, 74.3607],
  "dinner_fork": [292.47690, 234.8753, 11.78222, 91.1454],
  "soup_spoon": [174.86207, 29.3233, 14.05185, 82.0254],
  "dessert_fork": [226.20426, 49.1141, 8.13548, 55.8838],
  "dessert_spoon": [200.23096, 51.5455, 9.90608, 52.8130],
  "dinner_plate": [294.85112, 322.5760, 105.59380, 105.6960],
  "wine_glass_1": [115.48878, 19.7396, 33.77254, 34.0196],
  "wine_glass_2": [75.84973, 20.1742, 33.77254, 34.0196],
  "coffee": [345.62815, 13.6239, 74.82372, 74.8961]
}