{
  "wine_glass": [266.69774, 30.9262, 33.77254, 34.0196],
  "charger": [284.33316, 77.2911, 136.48570, 136.6178],
  "napkin": [82.83541, 317.9555, 25.17718, 112.2490],
  "table_cloth": [128.64853, 226.1125, 308.97500, 206.3350],
  "water_glass": [388.10339, 35.5274, 32.88121, 32.8812],
  "bread_plate": [27.22515, 218.4829, 79.05370, 79.1302],
  "dinner_knife": [21.59675, 329.3426, 9.67049, 100.2269],
  "salad_knife": [56.77714, 351.5637, 8.30172, 79.9767],
  "butter_knife": [26.79456, 44.3664, 6.44287, 52.8352],
  "salad_fork": [114.66799, 23.9798, 12.58402, 80.1684],
  "dinner_fork": [138.24411, 14.0469, 13.81585, 96.4501],
  "soup_spoon": [118.00811, 127.3172, 15.75976, 82.2617],
  "dessert_fork": [77.66001, 51.8934, 7.75198, 46.7411],
  "dessert_spoon": [55.95098, 52.7036, 9.05805, 46.0168],
  "dinner_plate": [155.50019, 95.4149, 110.11960, 110.2262],
  "wine_glass_1": [330.31372, 31.3742, 33.77254, 34.0196],
  "wine_glass_2": [208.45774, 33.1662, 33.77254, 34.0196],
  "coffee": [37.32014, 125.9935, 63.34372, 63.4050]
}