{
  "wine_glass": [326.72974, 154.1262, 33.77254, 34.0196],
  "charger": [89.90115, 76.8431, 136.48570, 136.6178],
  "napkin": [26.38741, 110.5315, 25.17718, 112.2490],
  "table_cloth": [77.12852, 226.1125, 308.97500, 206.3350],
  "water_glass": [21.19139, 246.9834, 32.88121, 32.8812],
  "bread_plate": [27.67315, 15.9869, 79.05370, 79.1302],
  "dinner_knife": [349.08476, 29.6306, 9.67049, 100.2269],
  "salad_knife": [371.72114, 51.8517, 8.30172, 79.9767],
  "butter_knife": [21.77696, 361.1024, 6.44287, 52.8352],
  "salad_fork": [412.58799, 232.7478, 12.58402, 80.1684],
  "dinner_fork": [411.52411, 335.2630, 13.81585, 96.4501],
  "soup_spoon": [402.48812, 43.0932, 15.75976, 82.2617],
  "dessert_fork": [44.95601, 297.8455, 7.75198, 46.7411],
  "dessert_spoon": [46.22938, 369.4396, 9.05805, 46.0168],
  "dinner_plate": [228.07621, 3.1269, 110.11960, 110.2262],
  "wine_glass_1": [374.66574, 154.5742, 33.77254, 34.0196],
  "wine_glass_2": [274.31372, 156.3662, 33.77254, 34.0196],
  "coffee": [149.76814, 7.2735, 63.34372, 63.4050]
}