{
  "wine_glass": [146.18573, 184.1422, 33.77254, 34.0196],
  "charger": [198.19725, 109.8890, 108.05350, 108.1581],
  "napkin": [130.98018, 71.4539, 22.96762, 94.5322],
  "table_cloth": [170.81488, 248.7223, 272.13020, 182.6194],
  "water_glass": [110.34339, 313.2874, 32.88121, 32.8812],
  "bread_plate": [169.88898, 30.9818, 56.25404, 56.3085],
  "dinner_knife": [295.34226, 14.5741, 9.63549, 79.2679],
  "salad_knife": [271.82952, 21.1863, 8.27695, 65.1475],
  "butter_knife": [419.68604, 34.9340, 6.45193, 58.2599],
  "salad_fork": [324.38590, 24.1960, 9.78822, 68.9841],
  "dinner_fork": [348.04355, 21.8691, 11.75297, 73.6379],
  "soup_spoon": [243.23443, 17.3991, 13.49916, 70.0339],
  "dessert_fork": [378.01066, 44.0661, 6.47470, 44.4757],
  "dessert_spoon": [396.80492, 46.0914, 8.31014, 42.2172],
  "dinner_plate": [315.88420, 109.7509, 110.11960, 110.2262],
  "wine_glass_1": [38.21773, 183.6942, 33.77254, 34.0196],
  "wine_glass_2": [91.52973, 183.6942, 33.77254, 34.0196],
  "coffee": [31.39973, 101.7059, 61.74454, 61.8043]
}