{
  "wine_glass": [381.38573, 281.3582, 33.77254, 34.0196],
  "charger": [137.49085, 92.1778, 134.49030, 134.6205],
  "napkin": [26.16392, 285.9474, 34.58417, 101.8973],
  "table_cloth": [118.36942, 244.1951, 231.86920, 175.5459],
  "water_glass": [379.14340, 226.3754, 32.88121, 32.8812],
  "bread_plate": [367.90577, 46.2076, 70.58843, 70.6568],
  "dinner_knife": [74.90140, 299.4054, 9.68520, 109.0292],
  "salad_knife": [98.89106, 313.7327, 8.29789, 77.6866],
  "butter_knife": [33.17659, 49.2702, 6.22284, 58.2595],
  "salad_fork": [53.34140, 24.6437, 9.79720, 74.3607],
  "dinner_fork": [79.22889, 17.1473, 11.78222, 91.1454],
  "soup_spoon": [41.80607, 169.9953, 14.05185, 82.0254],
  "dessert_fork": [93.14826, 189.7861, 8.13548, 55.8838],
  "dessert_spoon": [67.17496, 192.2175, 9.90608, 52.8130],
  "dinner_plate": [308.29111, 109.3280, 105.59380, 105.6960],
  "wine_glass_1": [382.04874, 386.2036, 33.77254, 34.0196],
  "wine_glass_2": [381.38573, 331.5342, 33.77254, 34.0196],
  "coffee": [265.43614, 12.2799, 74.82372, 74.8961]
}