{
  "wine_glass": [368.84173, 374.0942, 33.77254, 34.0196],
  "charger": [300.11485, 14.2258, 134.49030, 134.6205],
  "napkin": [108.29283, 332.6187, 45.94235, 94.5705],
  "table_cloth": [176.04812, 165.3222, 261.66380, 175.5956],
  "water_glass": [186.95139, 376.4554, 32.88121, 32.8812],
  "bread_plate": [20.70578, 345.4716, 70.58843, 70.6568],
  "dinner_knife": [254.11236, 16.1071, 9.66329, 95.9138],
  "salad_knife": [227.90858, 22.6888, 8.31084, 85.4384],
  "butter_knife": [204.64603, 36.7260, 6.45193, 58.2599],
  "salad_fork": [42.14140, 21.5077, 9.79720, 74.3607],
  "dinner_fork": [65.79789, 19.4010, 11.76421, 80.3661],
  "soup_spoon": [173.97377, 31.6853, 14.03648, 72.8215],
  "dessert_fork": [124.50826, 36.5701, 8.13548, 55.8838],
  "dessert_spoon": [148.46606, 37.6571, 10.39599, 52.8138],
  "dinner_plate": [19.03672, 197.7322, 116.93450, 117.0477],
  "wine_glass_1": [249.67374, 373.6462, 33.77254, 34.0196],
  "wine_glass_2": [309.25772, 373.6462, 33.77254, 34.0196],
  "coffee": [91.16414, 113.9759, 74.82372, 74.8961]
}