{
  "wine_glass": [93.73389, 362.7060, 33.77254, 34.0196],
  "charger": [296.97886, 291.9858, 134.49030, 134.6205],
  "napkin": [33.47683, 24.8427, 45.94235, 94.5705],
  "table_cloth": [21.04012, 163.5302, 261.66380, 175.5956],
  "water_glass": [48.51939, 363.9114, 32.88121, 32.8812],
  "bread_plate": [100.44979, 22.0156, 70.58843, 70.6568],
  "dinner_knife": [395.23236, 170.2191, 9.66329, 95.9138],
  "salad_knife": [369.92457, 185.3128, 8.31084, 85.4384],
  "butter_knife": [300.96604, 192.1820, 6.45193, 58.2599],
  "salad_fork": [319.45339, 187.7157, 9.79720, 74.3607],
  "dinner_fork": [343.10989, 185.6090, 11.76421, 80.3661],
  "soup_spoon": [419.02975, 190.2772, 14.03648, 72.8215],
  "dessert_fork": [399.13225, 85.8501, 8.13548, 55.8838],
  "dessert_spoon": [419.05802, 94.5531, 10.39599, 52.8138],
  "dinner_plate": [265.43672, 15.3961, 116.93450, 117.0477],
  "wine_glass_1": [173.51374, 363.3422, 33.77254, 34.0196],
  "wine_glass_2": [133.87474, 363.7767, 33.77254, 34.0196],
  "coffee": [176.73214, 66.0399, 74.82372, 74.8961]
}