{
  "wine_glass": [209.35378, 47.5022, 33.77254, 34.0196],
  "charger": [114.02504, 95.1490, 124.07790, 124.1980],
  "napkin": [43.42321, 46.5295, 29.63358, 69.1169],
  "table_cloth": [17.13530, 231.3314, 272.16140, 201.2732],
  "water_glass": [264.45538, 49.8634, 32.88121, 32.8812],
  "bread_plate": [21.55955, 139.3481, 73.36090, 73.4319],
  "dinner_knife": [400.61318, 119.3573, 9.65361, 90.1175],
  "salad_knife": [374.40277, 121.0514, 8.31449, 87.6251],
  "butter_knife": [354.72604, 134.8380, 6.45193, 58.2599],
  "salad_fork": [269.72988, 133.0600, 9.78822, 68.9841],
  "dinner_fork": [293.38040, 126.4779, 11.76719, 82.1482],
  "soup_spoon": [319.39441, 130.7431, 13.49916, 70.0339],
  "dessert_fork": [398.61574, 241.6334, 7.37652, 44.4772],
  "dessert_spoon": [419.20493, 242.7634, 8.31014, 42.2172],
  "dinner_plate": [310.06019, 314.4869, 110.11960, 110.2262],
  "wine_glass_1": [101.38573, 47.0542, 33.77254, 34.0196],
  "wine_glass_2": [154.69773, 47.0542, 33.77254, 34.0196],
  "coffee": [317.22374, 233.4178, 61.74454, 61.8043]
}