{
  "wine_glass": [287.75373, 20.1742, 33.77254, 34.0196],
  "charger": [21.80516, 76.8431, 136.48570, 136.6178],
  "napkin": [181.39541, 7.9395, 25.17718, 112.2490],
  "table_cloth": [77.12852, 226.1125, 308.97500, 206.3350],
  "water_glass": [21.63940, 31.9434, 32.88121, 32.8812],
  "bread_plate": [166.55316, 130.2269, 79.05370, 79.1302],
  "dinner_knife": [412.25275, 112.5106, 9.67049, 100.2269],
  "salad_knife": [412.93714, 11.0837, 8.30172, 79.9767],
  "butter_knife": [45.61056, 224.4624, 6.44287, 52.8352],
  "salad_fork": [412.58799, 232.7478, 12.58402, 80.1684],
  "dinner_fork": [411.52411, 335.2630, 13.81585, 96.4501],
  "soup_spoon": [376.50411, 43.0932, 15.75976, 82.2617],
  "dessert_fork": [44.95601, 297.8455, 7.75198, 46.7411],
  "dessert_spoon": [46.22938, 369.4396, 9.05805, 46.0168],
  "dinner_plate": [249.13220, 97.2069, 110.11960, 110.2262],
  "wine_glass_1": [335.68973, 20.6222, 33.77254, 34.0196],
  "wine_glass_2": [235.33774, 22.4142, 33.77254, 34.0196],
  "coffee": [100.93614, 7.2735, 63.34372, 63.4050]
}