{
  "wine_glass": [35.08173, 221.7742, 33.77254, 34.0196],
  "charger": [321.89703, 5.9970, 124.07790, 124.1980],
  "napkin": [34.01521, 345.3455, 29.63358, 69.1169],
  "table_cloth": [86.12729, 231.3314, 272.16140, 201.2732],
  "water_glass": [380.48738, 272.9674, 32.88121, 32.8812],
  "bread_plate": [215.99155, 13.0121, 73.36090, 73.4319],
  "dinner_knife": [280.99720, 124.7333, 9.65361, 90.1175],
  "salad_knife": [313.02676, 123.2914, 8.31449, 87.6251],
  "butter_knife": [376.23003, 145.1420, 6.45193, 58.2599],
  "salad_fork": [248.67388, 136.6440, 9.78822, 68.9841],
  "dinner_fork": [214.98041, 128.2699, 11.76719, 82.1482],
  "soup_spoon": [339.55442, 136.1191, 13.49916, 70.0339],
  "dessert_fork": [427.28775, 156.5134, 7.37652, 44.4772],
  "dessert_spoon": [399.04492, 155.4034, 8.31014, 42.2172],
  "dinner_plate": [82.92419, 96.7589, 110.11960, 110.2262],
  "wine_glass_1": [30.60173, 100.3662, 33.77254, 34.0196],
  "wine_glass_2": [31.94573, 158.6062, 33.77254, 34.0196],
  "coffee": [373.22374, 351.6898, 61.74454, 61.8043]
}