{
  "wine_glass": [209.35378, 47.5022, 33.77254, 34.0196],
  "charger": [301.28903, 314.2210, 124.07790, 124.1980],
  "napkin": [125.85522, 342.6576, 29.63358, 69.1169],
  "table_cloth": [17.13530, 120.6754, 272.16140, 201.2732],
  "water_glass": [317.31940, 259.5274, 32.88121, 32.8812],
  "bread_plate": [21.11155, 353.0441, 73.36090, 73.4319],
  "dinner_knife": [427.49318, 20.3493, 9.65361, 90.1175],
  "salad_knife": [401.28274, 22.0434, 8.31449, 87.6251],
  "butter_knife": [381.60605, 35.8300, 6.45193, 58.2599],
  "salad_fork": [296.60988, 34.0520, 9.78822, 68.9841],
  "dinner_fork": [320.26040, 27.4699, 11.76719, 82.1482],
  "soup_spoon": [346.27441, 31.7351, 13.49916, 70.0339],
  "dessert_fork": [398.61574, 241.6334, 7.37652, 44.4772],
  "dessert_spoon": [419.20493, 242.7634, 8.31014, 42.2172],
  "dinner_plate": [310.50819, 116.0229, 110.11960, 110.2262],
  "wine_glass_1": [101.38573, 47.0542, 33.77254, 34.0196],
  "wine_glass_2": [154.69773, 47.0542, 33.77254, 34.0196],
  "coffee": [168.93574, 355.7218, 61.74454, 61.8043]
}