{
  "wine_glass": [153.35373, 19.7262, 33.77254, 34.0196],
  "charger": [305.83715, 3.8191, 136.48570, 136.6178],
  "napkin": [38.03541, 5.2515, 25.17718, 112.2490],
  "table_cloth": [12.16852, 131.1365, 308.97500, 206.3350],
  "water_glass": [403.78341, 391.6874, 32.88121, 32.8812],
  "bread_plate": [15.12915, 351.5389, 79.05370, 79.1302],
  "dinner_knife": [345.50081, 331.1346, 9.67049, 100.2269],
  "salad_knife": [224.32914, 350.6677, 8.30172, 79.9767],
  "butter_knife": [406.69857, 305.5504, 6.44287, 52.8352],
  "salad_fork": [252.20400, 352.3638, 12.58402, 80.1684],
  "dinner_fork": [372.99618, 333.9189, 13.81585, 96.4501],
  "soup_spoon": [184.76012, 350.4212, 15.75976, 82.2617],
  "dessert_fork": [315.10001, 357.4295, 7.75198, 46.7411],
  "dessert_spoon": [285.32698, 358.6876, 9.05805, 46.0168],
  "dinner_plate": [330.22020, 164.8549, 110.11960, 110.2262],
  "wine_glass_1": [201.28973, 20.1742, 33.77254, 34.0196],
  "wine_glass_2": [106.76173, 21.9662, 33.77254, 34.0196],
  "coffee": [102.72815, 362.5375, 63.34372, 63.4050]
}