{
  "wine_glass": [189.60589, 39.6980, 33.77254, 34.0196],
  "charger": [183.18686, 112.3378, 134.49030, 134.6205],
  "napkin": [387.84482, 175.3707, 45.94235, 94.5705],
  "table_cloth": [21.04012, 259.8502, 261.66380, 175.5956],
  "water_glass": [396.16740, 295.8154, 32.88121, 32.8812],
  "bread_plate": [362.97778, 347.2636, 70.58843, 70.6568],
  "dinner_knife": [373.72837, 54.1871, 9.66329, 95.9138],
  "salad_knife": [348.42058, 69.2808, 8.31084, 85.4384],
  "butter_knife": [111.01408, 42.1020, 6.45193, 58.2599],
  "salad_fork": [129.50141, 37.6357, 9.79720, 74.3607],
  "dinner_fork": [153.15789, 35.5290, 11.76421, 80.3661],
  "soup_spoon": [397.52576, 74.2453, 14.03648, 72.8215],
  "dessert_fork": [59.54826, 45.9781, 8.13548, 55.8838],
  "dessert_spoon": [83.50600, 47.0651, 10.39599, 52.8138],
  "dinner_plate": [36.95673, 125.1561, 116.93450, 117.0477],
  "wine_glass_1": [269.38573, 40.3342, 33.77254, 34.0196],
  "wine_glass_2": [229.74675, 40.7687, 33.77254, 34.0196],
  "coffee": [303.96415, 259.1279, 74.82372, 74.8961]
}