{
  "wine_glass": [141.43693, 19.1034, 33.77254, 34.0196],
  "charger": [120.01886, 93.5218, 134.49030, 134.6205],
  "napkin": [289.13992, 192.7634, 34.58417, 101.8973],
  "table_cloth": [34.14542, 244.1951, 231.86920, 175.5459],
  "water_glass": [259.07940, 99.1434, 32.88121, 32.8812],
  "bread_plate": [344.16179, 238.3996, 70.58843, 70.6568],
  "dinner_knife": [345.04541, 321.8054, 9.68520, 109.0292],
  "salad_knife": [321.54705, 336.1327, 8.29789, 77.6866],
  "butter_knife": [367.83258, 355.2542, 6.22284, 58.2595],
  "salad_fork": [387.99739, 330.6277, 9.79720, 74.3607],
  "dinner_fork": [413.88488, 323.1313, 11.78222, 91.1454],
  "soup_spoon": [41.80607, 123.4033, 14.05185, 82.0254],
  "dessert_fork": [93.14826, 143.1941, 8.13548, 55.8838],
  "dessert_spoon": [67.17496, 145.6255, 9.90608, 52.8130],
  "dinner_plate": [295.29911, 21.9680, 105.59380, 105.6960],
  "wine_glass_1": [221.21678, 19.7396, 33.77254, 34.0196],
  "wine_glass_2": [181.57773, 20.1742, 33.77254, 34.0196],
  "coffee": [345.62815, 144.8879, 74.82372, 74.8961]
}