{
  "wine_glass": [353.16172, 20.1742, 33.77254, 34.0196],
  "charger": [238.18916, 77.2911, 136.48570, 136.6178],
  "napkin": [406.73940, 86.3395, 25.17718, 112.2490],
  "table_cloth": [17.99251, 226.1125, 308.97500, 206.3350],
  "water_glass": [199.04740, 89.7354, 32.88121, 32.8812],
  "bread_plate": [154.90515, 130.2269, 79.05370, 79.1302],
  "dinner_knife": [138.52475, 112.0625, 9.67049, 100.2269],
  "salad_knife": [139.20914, 10.6357, 8.30172, 79.9767],
  "butter_knife": [372.20251, 231.6304, 6.44287, 52.8352],
  "salad_fork": [412.58799, 232.7478, 12.58402, 80.1684],
  "dinner_fork": [411.52411, 335.2630, 13.81585, 96.4501],
  "soup_spoon": [99.64012, 10.3892, 15.75976, 82.2617],
  "dessert_fork": [371.54801, 305.0134, 7.75198, 46.7411],
  "dessert_spoon": [372.82132, 376.6076, 9.05805, 46.0168],
  "dinner_plate": [17.51619, 96.7589, 110.11960, 110.2262],
  "wine_glass_1": [401.09774, 20.6222, 33.77254, 34.0196],
  "wine_glass_2": [300.74578, 22.4142, 33.77254, 34.0196],
  "coffee": [166.34414, 18.4735, 63.34372, 63.4050]
}