{
  "wine_glass": [38.21773, 223.1182, 33.77254, 34.0196],
  "charger": [16.36104, 5.5490, 124.07790, 124.1980],
  "napkin": [317.59920, 135.6815, 29.63358, 69.1169],
  "table_cloth": [162.28730, 231.3314, 272.16140, 201.2732],
  "water_glass": [39.55939, 278.7914, 32.88121, 32.8812],
  "bread_plate": [223.15954, 137.5561, 73.36090, 73.4319],
  "dinner_knife": [155.10919, 131.0053, 9.65361, 90.1175],
  "salad_knife": [187.13875, 129.5634, 8.31449, 87.6251],
  "butter_knife": [73.38203, 347.6380, 6.45193, 58.2599],
  "salad_fork": [42.14589, 142.9160, 9.78822, 68.9841],
  "dinner_fork": [79.23640, 134.5419, 11.76719, 82.1482],
  "soup_spoon": [117.79442, 135.6711, 13.49916, 70.0339],
  "dessert_fork": [124.43975, 359.0094, 7.37652, 44.4772],
  "dessert_spoon": [96.19693, 357.8994, 8.31014, 42.2172],
  "dinner_plate": [205.67620, 14.3269, 110.11960, 110.2262],
  "wine_glass_1": [99.14573, 216.8462, 33.77254, 34.0196],
  "wine_glass_2": [100.48973, 275.0862, 33.77254, 34.0196],
  "coffee": [370.53574, 137.5458, 61.74454, 61.8043]
}