{
  "wine_glass": [312.35790, 364.9460, 33.77254, 34.0196],
  "charger": [45.65085, 143.2498, 134.49030, 134.6205],
  "napkin": [38.25992, 29.6914, 34.58417, 101.8973],
  "table_cloth": [196.76942, 138.9151, 231.86920, 175.5459],
  "water_glass": [259.52739, 365.7034, 32.88121, 32.8812],
  "bread_plate": [220.51377, 30.5276, 70.58843, 70.6568],
  "dinner_knife": [328.46941, 12.2374, 9.68520, 109.0292],
  "salad_knife": [348.87505, 33.7327, 8.29789, 77.6866],
  "butter_knife": [372.31258, 42.9982, 6.22284, 58.2595],
  "salad_fork": [174.30135, 39.4277, 9.79720, 74.3607],
  "dinner_fork": [130.74890, 18.0433, 11.78222, 91.1454],
  "soup_spoon": [393.03808, 21.2593, 14.05185, 82.0254],
  "dessert_fork": [150.49226, 41.4981, 8.13548, 55.8838],
  "dessert_spoon": [193.95896, 50.2015, 9.90608, 52.8130],
  "dinner_plate": [100.86711, 329.2960, 105.59380, 105.6960],
  "wine_glass_1": [392.13773, 365.5822, 33.77254, 34.0196],
  "wine_glass_2": [352.49874, 366.0167, 33.77254, 34.0196],
  "coffee": [25.30814, 289.1439, 74.82372, 74.8961]
}