{
  "wine_glass": [321.35373, 31.3742, 33.77254, 34.0196],
  "charger": [33.33324, 175.2970, 108.05350, 108.1581],
  "napkin": [151.14019, 24.8619, 22.96762, 94.5322],
  "table_cloth": [170.81488, 161.8103, 272.13020, 182.6194],
  "water_glass": [383.62340, 32.3914, 32.88121, 32.8812],
  "bread_plate": [169.88898, 377.7338, 56.25404, 56.3085],
  "dinner_knife": [99.11825, 34.2861, 9.63549, 79.2679],
  "salad_knife": [75.60553, 40.8983, 8.27695, 65.1475],
  "butter_knife": [345.31803, 90.0380, 6.45193, 58.2599],
  "salad_fork": [374.11390, 81.9880, 9.78822, 68.9841],
  "dinner_fork": [397.77152, 79.6611, 11.75297, 73.6379],
  "soup_spoon": [47.01042, 37.1111, 13.49916, 70.0339],
  "dessert_fork": [285.27465, 95.5862, 6.47470, 44.4757],
  "dessert_spoon": [309.44492, 96.2674, 8.31014, 42.2172],
  "dinner_plate": [27.82019, 319.8629, 110.11960, 110.2262],
  "wine_glass_1": [202.18573, 30.9262, 33.77254, 34.0196],
  "wine_glass_2": [261.76972, 30.9262, 33.77254, 34.0196],
  "coffee": [199.39973, 89.6098, 61.74454, 61.8043]
}