{
  "wine_glass": [266.69774, 30.9262, 33.77254, 34.0196],
  "charger": [7.02116, 300.8431, 136.48570, 136.6178],
  "napkin": [396.88340, 318.4035, 25.17718, 112.2490],
  "table_cloth": [121.03252, 102.4645, 308.97500, 206.3350],
  "water_glass": [388.10339, 35.5274, 32.88121, 32.8812],
  "bread_plate": [27.22515, 203.2509, 79.05370, 79.1302],
  "dinner_knife": [166.74875, 329.7905, 9.67049, 100.2269],
  "salad_knife": [201.92915, 352.0117, 8.30172, 79.9767],
  "butter_knife": [258.85855, 366.4784, 6.44287, 52.8352],
  "salad_fork": [336.42798, 342.9558, 12.58402, 80.1684],
  "dinner_fork": [360.00408, 333.0230, 13.81585, 96.4501],
  "soup_spoon": [227.76813, 348.1812, 15.75976, 82.2617],
  "dessert_fork": [309.72400, 374.0055, 7.75198, 46.7411],
  "dessert_spoon": [288.01497, 374.8156, 9.05805, 46.0168],
  "dinner_plate": [12.14020, -1.3531, 110.11960, 110.2262],
  "wine_glass_1": [330.31372, 31.3742, 33.77254, 34.0196],
  "wine_glass_2": [208.45774, 33.1662, 33.77254, 34.0196],
  "coffee": [37.32014, 125.9935, 63.34372, 63.4050]
}