{
  "wine_glass": [135.03057, 64.6606, 33.77254, 34.0196],
  "charger": [309.35303, 95.5970, 124.07790, 124.1980],
  "napkin": [310.56561, 359.0095, 29.63358, 69.1169],
  "table_cloth": [17.13530, 231.3314, 272.16140, 201.2732],
  "water_glass": [190.13220, 67.0218, 32.88121, 32.8812],
  "bread_plate": [363.83155, 357.0761, 73.36090, 73.4319],
  "dinner_knife": [118.86600, 118.8645, 9.65361, 90.1175],
  "salad_knife": [92.65556, 120.5586, 8.31449, 87.6251],
  "butter_knife": [72.97883, 134.3452, 6.45193, 58.2599],
  "salad_fork": [147.33629, 132.8360, 9.78822, 68.9841],
  "dinner_fork": [170.98685, 126.2539, 11.76719, 82.1482],
  "soup_spoon": [37.64719, 130.2503, 13.49916, 70.0339],
  "dessert_fork": [192.22214, 141.7742, 7.37652, 44.4772],
  "dessert_spoon": [212.81132, 142.9042, 8.31014, 42.2172],
  "dinner_plate": [302.89220, 232.5029, 110.11960, 110.2262],
  "wine_glass_1": [27.06253, 64.2126, 33.77254, 34.0196],
  "wine_glass_2": [80.37453, 64.2126, 33.77254, 34.0196],
  "coffee": [234.34373, 133.9619, 61.74454, 61.8043]
}