{
  "wine_glass": [225.92978, 53.3262, 33.77254, 34.0196],
  "charger": [234.03724, 109.4410, 108.05350, 108.1581],
  "napkin": [322.27619, 226.0139, 22.96762, 94.5322],
  "table_cloth": [17.15088, 248.7223, 272.13020, 182.6194],
  "water_glass": [282.82339, 55.2394, 32.88121, 32.8812],
  "bread_plate": [382.68898, 232.1337, 56.25404, 56.3085],
  "dinner_knife": [413.61426, 129.7101, 9.63549, 79.2679],
  "salad_knife": [390.10152, 136.3223, 8.27695, 65.1475],
  "butter_knife": [356.96604, 353.4620, 6.45193, 58.2599],
  "salad_fork": [155.93789, 137.5400, 9.78822, 68.9841],
  "dinner_fork": [179.59556, 135.2131, 11.75297, 73.6379],
  "soup_spoon": [306.40242, 349.8151, 13.49916, 70.0339],
  "dessert_fork": [209.11465, 150.6902, 6.47470, 44.4757],
  "dessert_spoon": [333.18894, 364.6194, 8.31014, 42.2172],
  "dinner_plate": [26.02819, 113.3349, 110.11960, 110.2262],
  "wine_glass_1": [117.96173, 52.8782, 33.77254, 34.0196],
  "wine_glass_2": [171.27373, 52.8782, 33.77254, 34.0196],
  "coffee": [381.28774, 313.1619, 61.74454, 61.8043]
}