{
  "wine_glass": [353.16172, 20.1742, 33.77254, 34.0196],
  "charger": [305.83715, 77.2911, 136.48570, 136.6178],
  "napkin": [38.03541, 85.8915, 25.17718, 112.2490],
  "table_cloth": [17.99251, 226.1125, 308.97500, 206.3350],
  "water_glass": [403.78341, 391.6874, 32.88121, 32.8812],
  "bread_plate": [333.20916, 222.5149, 79.05370, 79.1302],
  "dinner_knife": [224.09274, 112.0625, 9.67049, 100.2269],
  "salad_knife": [224.77713, 10.6357, 8.30172, 79.9767],
  "butter_knife": [285.29051, 86.4784, 6.44287, 52.8352],
  "salad_fork": [252.65199, 12.3318, 12.58402, 80.1684],
  "dinner_fork": [251.58811, 114.8469, 13.81585, 96.4501],
  "soup_spoon": [185.20812, 10.3892, 15.75976, 82.2617],
  "dessert_fork": [284.63601, 159.8615, 7.75198, 46.7411],
  "dessert_spoon": [285.77498, 18.6556, 9.05805, 46.0168],
  "dinner_plate": [80.68419, 96.7589, 110.11960, 110.2262],
  "wine_glass_1": [401.09774, 20.6222, 33.77254, 34.0196],
  "wine_glass_2": [306.56973, 22.4142, 33.77254, 34.0196],
  "coffee": [376.90414, 304.7455, 63.34372, 63.4050]
}