{
  "wine_glass": [266.69774, 154.1262, 33.77254, 34.0196],
  "charger": [15.08516, 76.8431, 136.48570, 136.6178],
  "napkin": [305.49140, 20.0355, 25.17718, 112.2490],
  "table_cloth": [128.64853, 226.1125, 308.97500, 206.3350],
  "water_glass": [388.10339, 158.7274, 32.88121, 32.8812],
  "bread_plate": [27.22515, 218.4829, 79.05370, 79.1302],
  "dinner_knife": [160.02875, 116.0945, 9.67049, 100.2269],
  "salad_knife": [182.66514, 138.3157, 8.30172, 79.9767],
  "butter_knife": [258.32097, 75.7264, 6.44287, 52.8352],
  "salad_fork": [348.07599, 55.3398, 12.58402, 80.1684],
  "dinner_fork": [371.65211, 45.4070, 13.81585, 96.4501],
  "soup_spoon": [402.48812, 43.0932, 15.75976, 82.2617],
  "dessert_fork": [281.50002, 12.4694, 7.75198, 46.7411],
  "dessert_spoon": [282.77338, 84.0636, 9.05805, 46.0168],
  "dinner_plate": [139.37219, 3.1269, 110.11960, 110.2262],
  "wine_glass_1": [330.31372, 154.5742, 33.77254, 34.0196],
  "wine_glass_2": [208.45774, 156.3662, 33.77254, 34.0196],
  "coffee": [36.87214, 316.3935, 63.34372, 63.4050]
}