{
  "wine_glass": [157.38573, 60.9422, 33.77254, 34.0196],
  "charger": [279.28525, 16.7050, 108.05350, 108.1581],
  "napkin": [136.35619, 254.2379, 22.96762, 94.5322],
  "table_cloth": [170.81488, 161.8103, 272.13020, 182.6194],
  "water_glass": [374.21539, 384.9674, 32.88121, 32.8812],
  "bread_plate": [169.88898, 369.6698, 56.25404, 56.3085],
  "dinner_knife": [98.67026, 215.2781, 9.63549, 79.2679],
  "salad_knife": [75.15753, 221.8903, 8.27695, 65.1475],
  "butter_knife": [91.30203, 131.2540, 6.45193, 58.2599],
  "salad_fork": [120.09790, 123.2040, 9.78822, 68.9841],
  "dinner_fork": [143.75556, 120.8771, 11.75297, 73.6379],
  "soup_spoon": [46.56242, 218.1031, 13.49916, 70.0339],
  "dessert_fork": [31.25865, 136.8021, 6.47470, 44.4757],
  "dessert_spoon": [55.42898, 137.4834, 8.31014, 42.2172],
  "dinner_plate": [27.82019, 319.8629, 110.11960, 110.2262],
  "wine_glass_1": [38.21773, 60.4942, 33.77254, 34.0196],
  "wine_glass_2": [97.80174, 60.4942, 33.77254, 34.0196],
  "coffee": [258.98374, 366.9219, 61.74454, 61.8043]
}