{
  "wine_glass": [146.18573, 60.9422, 33.77254, 34.0196],
  "charger": [319.15724, 16.7050, 108.05350, 108.1581],
  "napkin": [281.50818, 139.9979, 22.96762, 94.5322],
  "table_cloth": [170.81488, 248.7223, 272.13020, 182.6194],
  "water_glass": [403.33538, 171.2714, 32.88121, 32.8812],
  "bread_plate": [209.76099, 160.4538, 56.25404, 56.3085],
  "dinner_knife": [98.67026, 215.2781, 9.63549, 79.2679],
  "salad_knife": [75.15753, 221.8903, 8.27695, 65.1475],
  "butter_knife": [105.63803, 131.2540, 6.45193, 58.2599],
  "salad_fork": [60.96189, 321.2200, 9.78822, 68.9841],
  "dinner_fork": [84.61956, 318.8931, 11.75297, 73.6379],
  "soup_spoon": [46.56242, 218.1031, 13.49916, 70.0339],
  "dessert_fork": [45.59465, 136.8021, 6.47470, 44.4757],
  "dessert_spoon": [69.76497, 137.4834, 8.31014, 42.2172],
  "dinner_plate": [195.82019, 15.6709, 110.11960, 110.2262],
  "wine_glass_1": [38.21773, 60.4942, 33.77254, 34.0196],
  "wine_glass_2": [91.52973, 60.4942, 33.77254, 34.0196],
  "coffee": [322.59972, 155.4659, 61.74454, 61.8043]
}