{
  "wine_glass": [94.18189, 38.3540, 33.77254, 34.0196],
  "charger": [293.84285, 143.6978, 134.49030, 134.6205],
  "napkin": [392.17990, 303.8674, 34.58417, 101.8973],
  "table_cloth": [35.93741, 138.4671, 231.86920, 175.5459],
  "water_glass": [41.35139, 39.1114, 32.88121, 32.8812],
  "bread_plate": [220.51377, 30.5276, 70.58843, 70.6568],
  "dinner_knife": [233.04541, 319.1174, 9.68520, 109.0292],
  "salad_knife": [253.45105, 340.6127, 8.29789, 77.6866],
  "butter_knife": [276.88858, 349.8782, 6.22284, 58.2595],
  "salad_fork": [78.87736, 346.3077, 9.79720, 74.3607],
  "dinner_fork": [35.32488, 324.9233, 11.78222, 91.1454],
  "soup_spoon": [297.61408, 328.1393, 14.05185, 82.0254],
  "dessert_fork": [55.06826, 348.3781, 8.13548, 55.8838],
  "dessert_spoon": [98.53496, 357.0815, 9.90608, 52.8130],
  "dinner_plate": [314.11511, 15.2480, 105.59380, 105.6960],
  "wine_glass_1": [173.96173, 38.9902, 33.77254, 34.0196],
  "wine_glass_2": [134.32273, 39.4247, 33.77254, 34.0196],
  "coffee": [132.82814, 337.0799, 74.82372, 74.8961]
}