{
  "wine_glass": [319.29288, 82.7195, 33.77254, 34.0196],
  "charger": [25.49085, 6.6098, 134.49030, 134.6205],
  "napkin": [26.16392, 285.9474, 34.58417, 101.8973],
  "table_cloth": [118.36942, 244.1951, 231.86920, 175.5459],
  "water_glass": [292.67939, 199.0474, 32.88121, 32.8812],
  "bread_plate": [367.45778, 238.3996, 70.58843, 70.6568],
  "dinner_knife": [74.90140, 299.4054, 9.68520, 109.0292],
  "salad_knife": [98.89106, 313.7327, 8.29789, 77.6866],
  "butter_knife": [367.83258, 355.2542, 6.22284, 58.2595],
  "salad_fork": [387.99739, 330.6277, 9.79720, 74.3607],
  "dinner_fork": [413.88488, 323.1313, 11.78222, 91.1454],
  "soup_spoon": [41.80607, 169.9953, 14.05185, 82.0254],
  "dessert_fork": [93.14826, 189.7861, 8.13548, 55.8838],
  "dessert_spoon": [67.17496, 192.2175, 9.90608, 52.8130],
  "dinner_plate": [140.29111, 108.8800, 105.59380, 105.6960],
  "wine_glass_1": [399.07273, 83.3556, 33.77254, 34.0196],
  "wine_glass_2": [359.43372, 83.7902, 33.77254, 34.0196],
  "coffee": [345.62815, 144.8879, 74.82372, 74.8961]
}