{
  "wine_glass": [93.73389, 362.7060, 33.77254, 34.0196],
  "charger": [297.87485, 12.8818, 134.49030, 134.6205],
  "napkin": [387.84482, 175.3707, 45.94235, 94.5705],
  "table_cloth": [21.04012, 163.5302, 261.66380, 175.5956],
  "water_glass": [307.46339, 273.8634, 32.88121, 32.8812],
  "bread_plate": [298.46579, 178.3676, 70.58843, 70.6568],
  "dinner_knife": [205.28036, 20.1391, 9.66329, 95.9138],
  "salad_knife": [179.97259, 35.2328, 8.31084, 85.4384],
  "butter_knife": [111.01408, 42.1020, 6.45193, 58.2599],
  "salad_fork": [129.50141, 37.6357, 9.79720, 74.3607],
  "dinner_fork": [153.15789, 35.5290, 11.76421, 80.3661],
  "soup_spoon": [229.07777, 40.1973, 14.03648, 72.8215],
  "dessert_fork": [59.54826, 45.9781, 8.13548, 55.8838],
  "dessert_spoon": [83.50600, 47.0651, 10.39599, 52.8138],
  "dinner_plate": [325.46872, 308.8361, 116.93450, 117.0477],
  "wine_glass_1": [173.51374, 363.3422, 33.77254, 34.0196],
  "wine_glass_2": [133.87474, 363.7767, 33.77254, 34.0196],
  "coffee": [233.62815, 358.5839, 74.82372, 74.8961]
}