{
  "wine_glass": [246.98573, 17.4862, 33.77254, 34.0196],
  "charger": [300.11485, 14.2258, 134.49030, 134.6205],
  "napkin": [86.78883, 219.2748, 45.94235, 94.5705],
  "table_cloth": [176.04812, 259.8502, 261.66380, 175.5956],
  "water_glass": [244.29540, 174.8554, 32.88121, 32.8812],
  "bread_plate": [153.31379, 171.1996, 70.58843, 70.6568],
  "dinner_knife": [130.46435, 329.2591, 9.66329, 95.9138],
  "salad_knife": [104.26058, 335.8408, 8.31084, 85.4384],
  "butter_knife": [204.64603, 36.7260, 6.45193, 58.2599],
  "salad_fork": [41.69340, 326.5957, 9.79720, 74.3607],
  "dinner_fork": [65.34989, 324.4890, 11.76421, 80.3661],
  "soup_spoon": [173.97377, 31.6853, 14.03648, 72.8215],
  "dessert_fork": [124.50826, 36.5701, 8.13548, 55.8838],
  "dessert_spoon": [148.46606, 37.6571, 10.39599, 52.8138],
  "dinner_plate": [19.03672, 92.0041, 116.93450, 117.0477],
  "wine_glass_1": [241.60974, 117.8382, 33.77254, 34.0196],
  "wine_glass_2": [242.05774, 66.7662, 33.77254, 34.0196],
  "coffee": [333.08415, 163.2559, 74.82372, 74.8961]
}