{
  "wine_glass": [38.21773, 223.1182, 33.77254, 34.0196],
  "charger": [16.36104, 5.5490, 124.07790, 124.1980],
  "napkin": [327.90320, 352.5136, 29.63358, 69.1169],
  "table_cloth": [162.28730, 104.9954, 272.16140, 201.2732],
  "water_glass": [39.55939, 163.6554, 32.88121, 32.8812],
  "bread_plate": [163.57555, 13.4601, 73.36090, 73.4319],
  "dinner_knife": [376.42120, 335.7413, 9.65361, 90.1175],
  "salad_knife": [408.45076, 334.2994, 8.31449, 87.6251],
  "butter_knife": [34.85402, 360.1820, 6.45193, 58.2599],
  "salad_fork": [42.14589, 271.9400, 9.78822, 68.9841],
  "dinner_fork": [79.23640, 263.5659, 11.76719, 82.1482],
  "soup_spoon": [117.79442, 264.6951, 13.49916, 70.0339],
  "dessert_fork": [85.91174, 371.5534, 7.37652, 44.4772],
  "dessert_spoon": [57.66893, 370.4434, 8.31014, 42.2172],
  "dinner_plate": [205.22818, 323.4469, 110.11960, 110.2262],
  "wine_glass_1": [99.14573, 216.8462, 33.77254, 34.0196],
  "wine_glass_2": [100.48978, 159.9502, 33.77254, 34.0196],
  "coffee": [123.23974, 348.1059, 61.74454, 61.8043]
}