{
  "wine_glass": [268.04172, 76.6222, 33.77254, 34.0196],
  "charger": [31.09324, 109.4410, 108.05350, 108.1581],
  "napkin": [383.65220, 249.7579, 22.96762, 94.5322],
  "table_cloth": [95.99888, 248.7223, 272.13020, 182.6194],
  "water_glass": [396.61539, 388.1034, 32.88121, 32.8812],
  "bread_plate": [169.88898, 143.4298, 56.25404, 56.3085],
  "dinner_knife": [49.83826, 349.6781, 9.63549, 79.2679],
  "salad_knife": [26.32553, 356.2903, 8.27695, 65.1475],
  "butter_knife": [108.77403, 20.5980, 6.45193, 58.2599],
  "salad_fork": [13.02589, 263.8760, 9.78822, 68.9841],
  "dinner_fork": [36.68355, 261.5491, 11.75297, 73.6379],
  "soup_spoon": [50.59446, 16.9511, 13.49916, 70.0339],
  "dessert_fork": [66.20265, 277.0261, 6.47470, 44.4757],
  "dessert_spoon": [85.89293, 31.7554, 8.31014, 42.2172],
  "dinner_plate": [319.91620, 109.7509, 110.11960, 110.2262],
  "wine_glass_1": [160.07374, 76.1742, 33.77254, 34.0196],
  "wine_glass_2": [213.38573, 76.1742, 33.77254, 34.0196],
  "coffee": [240.16774, 139.7859, 61.74454, 61.8043]
}