{
  "wine_glass": [388.55372, 338.7022, 33.77254, 34.0196],
  "charger": [213.03305, 5.9970, 124.07790, 124.1980],
  "napkin": [35.80721, 37.1215, 29.63358, 69.1169],
  "table_cloth": [86.12729, 231.3314, 272.16140, 201.2732],
  "water_glass": [389.89534, 394.3754, 32.88121, 32.8812],
  "bread_plate": [354.87156, 35.8601, 73.36090, 73.4319],
  "dinner_knife": [155.10919, 131.0053, 9.65361, 90.1175],
  "salad_knife": [187.13875, 129.5634, 8.31449, 87.6251],
  "butter_knife": [73.83004, 144.6940, 6.45193, 58.2599],
  "salad_fork": [248.67388, 143.3640, 9.78822, 68.9841],
  "dinner_fork": [214.98041, 134.9899, 11.76719, 82.1482],
  "soup_spoon": [339.55442, 136.1191, 13.49916, 70.0339],
  "dessert_fork": [124.88774, 156.0654, 7.37652, 44.4772],
  "dessert_spoon": [96.64489, 154.9554, 8.31014, 42.2172],
  "dinner_plate": [82.92419, 14.3269, 110.11960, 110.2262],
  "wine_glass_1": [384.07372, 217.2942, 33.77254, 34.0196],
  "wine_glass_2": [385.41773, 275.5342, 33.77254, 34.0196],
  "coffee": [370.53574, 137.5458, 61.74454, 61.8043]
}