{
  "wine_glass": [44.22093, 224.2875, 33.77254, 34.0196],
  "charger": [29.07485, 4.3698, 134.49030, 134.6205],
  "napkin": [295.41192, 8.6354, 34.58417, 101.8973],
  "table_cloth": [193.63341, 244.6431, 231.86920, 175.5459],
  "water_glass": [406.02340, 109.8954, 32.88121, 32.8812],
  "bread_plate": [329.37779, 148.7996, 70.58843, 70.6568],
  "dinner_knife": [254.10141, 9.1014, 9.68520, 109.0292],
  "salad_knife": [230.60305, 23.4287, 8.29789, 77.6866],
  "butter_knife": [212.37658, 42.5502, 6.22284, 58.2595],
  "salad_fork": [273.30940, 149.1877, 9.79720, 74.3607],
  "dinner_fork": [292.47690, 127.8033, 11.78222, 91.1454],
  "soup_spoon": [174.86207, 131.0193, 14.05185, 82.0254],
  "dessert_fork": [226.20426, 150.8101, 8.13548, 55.8838],
  "dessert_spoon": [200.23096, 153.2415, 9.90608, 52.8130],
  "dinner_plate": [42.62711, 289.4240, 105.59380, 105.6960],
  "wine_glass_1": [124.00077, 224.9236, 33.77254, 34.0196],
  "wine_glass_2": [84.36173, 225.3582, 33.77254, 34.0196],
  "coffee": [344.73214, 10.4879, 74.82372, 74.8961]
}