{
  "wine_glass": [266.69775, 154.1262, 1.00000, 1.0000],
  "charger": [15.08519, 76.8431, 1.13942, 1.1394],
  "napkin": [305.49142, 20.0355, 0.51089, 1.2230],
  "table_cloth": [128.64853, 226.1125, 0.92256, 1.0400],
  "water_glass": [388.10341, 158.7274, 1.00000, 1.0000],
  "bread_plate": [27.22518, 218.4829, 1.11992, 1.1199],
  "dinner_knife": [160.02875, 116.0945, 1.00000, 1.1148],
  "salad_knife": [182.66514, 138.3156, 1.00000, 1.0295],
  "butter_knife": [258.32097, 75.7264, 1.03740, 0.9069],
  "salad_fork": [348.07598, 55.3397, 1.28710, 1.1545],
  "dinner_fork": [371.65211, 45.4069, 1.17410, 1.1207],
  "soup_spoon": [402.48811, 43.0931, 1.12271, 1.1639],
  "dessert_fork": [281.50002, 12.4694, 0.95421, 0.8364],
  "dessert_spoon": [282.77337, 84.0636, 0.91478, 0.8713],
  "dinner_plate": [139.37220, 3.1269, 1.18886, 1.1889],
  "wine_glass_1": [330.31373, 154.5742, 1.00000, 1.0000],
  "wine_glass_2": [208.45775, 156.3662, 1.00000, 1.0000],
  "coffee": [36.87214, 316.3935, 0.84657, 0.8466]
}