{
  "wine_glass": [141.43694, 19.1035, 1.00000, 1.0000],
  "charger": [119.02119, 92.5231, 1.12276, 1.1228],
  "napkin": [293.84344, 187.5875, 0.70356, 1.1100],
  "table_cloth": [-4.40748, 228.8005, 0.78513, 1.0000],
  "water_glass": [259.07941, 99.1434, 1.00000, 1.0000],
  "bread_plate": [339.92918, 234.1629, 1.00000, 1.0000],
  "dinner_knife": [345.05276, 326.2065, 1.00000, 1.2127],
  "salad_knife": [321.54514, 334.9876, 1.00000, 1.0000],
  "butter_knife": [367.72257, 357.9664, 1.00000, 1.0000],
  "salad_fork": [386.60397, 327.7237, 1.00000, 1.0709],
  "dinner_fork": [412.86806, 320.4789, 1.00000, 1.0591],
  "soup_spoon": [40.95211, 123.2852, 1.00000, 1.1606],
  "dessert_fork": [93.34001, 147.7654, 1.00000, 1.0000],
  "dessert_spoon": [67.59896, 149.0236, 1.00000, 1.0000],
  "dinner_plate": [293.03621, 19.7029, 1.14000, 1.1400],
  "wine_glass_1": [221.21679, 19.7396, 1.00000, 1.0000],
  "wine_glass_2": [181.57773, 20.1742, 1.00000, 1.0000],
  "coffee": [351.36815, 150.6335, 1.00000, 1.0000]
}