{
  "wine_glass": [165.44974, 106.1902, 1.00000, 1.0000],
  "charger": [294.63718, 13.2271, 1.12276, 1.1228],
  "napkin": [310.41944, 159.3635, 0.93601, 1.0299],
  "table_cloth": [-2.61549, 244.4805, 0.78513, 1.0000],
  "water_glass": [212.03941, 207.1114, 1.00000, 1.0000],
  "bread_plate": [360.53718, 278.0669, 1.00000, 1.0000],
  "dinner_knife": [387.16475, 160.8945, 1.00000, 1.0668],
  "salad_knife": [361.86512, 180.8756, 1.00000, 1.0998],
  "butter_knife": [82.79461, 154.5744, 1.03740, 1.0000],
  "salad_fork": [99.88398, 144.4917, 1.00000, 1.0709],
  "dinner_fork": [123.90807, 137.2469, 1.00000, 0.9338],
  "soup_spoon": [410.10412, 178.3892, 1.00000, 1.0303],
  "dessert_fork": [31.51601, 160.3094, 1.00000, 1.0000],
  "dessert_spoon": [55.95101, 160.2236, 1.04990, 1.0000],
  "dinner_plate": [27.37221, 16.1189, 1.26244, 1.2624],
  "wine_glass_1": [160.07374, 206.5422, 1.00000, 1.0000],
  "wine_glass_2": [160.52173, 155.4702, 1.00000, 1.0000],
  "coffee": [309.70415, 360.2975, 1.00000, 1.0000]
}