{
  "wine_glass": [312.35791, 364.9460, 1.00000, 1.0000],
  "charger": [44.65318, 142.2511, 1.12276, 1.1228],
  "napkin": [42.96343, 24.5155, 0.70356, 1.1100],
  "table_cloth": [158.21652, 123.5205, 0.78513, 1.0000],
  "water_glass": [259.52741, 365.7034, 1.00000, 1.0000],
  "bread_plate": [216.28117, 26.2909, 1.00000, 1.0000],
  "dinner_knife": [328.47676, 16.6386, 1.00000, 1.2127],
  "salad_knife": [348.87313, 32.5876, 1.00000, 1.0000],
  "butter_knife": [372.20256, 45.7104, 1.00000, 1.0000],
  "salad_fork": [172.90793, 36.5237, 1.00000, 1.0709],
  "dinner_fork": [129.73207, 15.3909, 1.00000, 1.0591],
  "soup_spoon": [392.18411, 21.1412, 1.00000, 1.1606],
  "dessert_fork": [150.68401, 46.0694, 1.00000, 1.0000],
  "dessert_spoon": [194.38297, 53.5996, 1.00000, 1.0000],
  "dinner_plate": [98.60421, 327.0309, 1.14000, 1.1400],
  "wine_glass_1": [392.13773, 365.5822, 1.00000, 1.0000],
  "wine_glass_2": [352.49875, 366.0167, 1.00000, 1.0000],
  "coffee": [31.04814, 294.8895, 1.00000, 1.0000]
}