{
  "wine_glass": [266.69775, 30.9262, 1.00000, 1.0000],
  "charger": [284.33318, 77.2911, 1.13942, 1.1394],
  "napkin": [82.83543, 317.9555, 0.51089, 1.2230],
  "table_cloth": [128.64853, 226.1125, 0.92256, 1.0400],
  "water_glass": [388.10341, 35.5274, 1.00000, 1.0000],
  "bread_plate": [27.22518, 218.4829, 1.11992, 1.1199],
  "dinner_knife": [21.59675, 329.3425, 1.00000, 1.1148],
  "salad_knife": [56.77714, 351.5636, 1.00000, 1.0295],
  "butter_knife": [26.79456, 44.3664, 1.03740, 0.9069],
  "salad_fork": [114.66798, 23.9797, 1.28710, 1.1545],
  "dinner_fork": [138.24411, 14.0469, 1.17410, 1.1207],
  "soup_spoon": [118.00810, 127.3171, 1.12271, 1.1639],
  "dessert_fork": [77.66001, 51.8934, 0.95421, 0.8364],
  "dessert_spoon": [55.95097, 52.7036, 0.91478, 0.8713],
  "dinner_plate": [155.50021, 95.4149, 1.18886, 1.1889],
  "wine_glass_1": [330.31373, 31.3742, 1.00000, 1.0000],
  "wine_glass_2": [208.45775, 33.1662, 1.00000, 1.0000],
  "coffee": [37.32014, 125.9935, 0.84657, 0.8466]
}