{
  "wine_glass": [146.18574, 184.1422, 1.00000, 1.0000],
  "charger": [183.98119, 95.6591, 0.90206, 0.9021],
  "napkin": [129.87543, 62.5955, 0.46632, 1.0299],
  "table_cloth": [152.39251, 236.8645, 0.81653, 1.0400],
  "water_glass": [110.34341, 313.2874, 1.00000, 1.0000],
  "bread_plate": [158.48917, 19.5709, 0.79693, 0.7969],
  "dinner_knife": [295.32476, 4.0945, 1.00000, 0.8816],
  "salad_knife": [271.81714, 13.7716, 1.00000, 0.8386],
  "butter_knife": [419.69057, 37.6464, 1.03740, 1.0000],
  "salad_fork": [322.98799, 18.6037, 1.00000, 0.9935],
  "dinner_fork": [347.01211, 10.4629, 1.00000, 0.8556],
  "soup_spoon": [242.10412, 11.2852, 0.96172, 0.9909],
  "dessert_fork": [377.37201, 42.9334, 0.79586, 0.7959],
  "dessert_spoon": [396.43096, 44.1916, 0.83925, 0.7994],
  "dinner_plate": [315.88421, 109.7509, 1.18886, 1.1889],
  "wine_glass_1": [38.21774, 183.6942, 1.00000, 1.0000],
  "wine_glass_2": [91.52974, 183.6942, 1.00000, 1.0000],
  "coffee": [30.60014, 100.9055, 0.82520, 0.8252]
}