{
  "wine_glass": [157.38574, 60.9422, 1.00000, 1.0000],
  "charger": [265.06919, 2.4751, 0.90206, 0.9021],
  "napkin": [135.25144, 245.3795, 0.46632, 1.0299],
  "table_cloth": [152.39251, 149.9525, 0.81653, 1.0400],
  "water_glass": [374.21540, 384.9674, 1.00000, 1.0000],
  "bread_plate": [158.48917, 358.2589, 0.79693, 0.7969],
  "dinner_knife": [98.65275, 204.7985, 1.00000, 0.8816],
  "salad_knife": [75.14514, 214.4756, 1.00000, 0.8386],
  "butter_knife": [91.30656, 133.9664, 1.03740, 1.0000],
  "salad_fork": [118.69999, 117.6117, 1.00000, 0.9935],
  "dinner_fork": [142.72412, 109.4709, 1.00000, 0.8556],
  "soup_spoon": [45.43211, 211.9892, 0.96172, 0.9909],
  "dessert_fork": [30.62001, 135.6694, 0.79586, 0.7959],
  "dessert_spoon": [55.05501, 135.5836, 0.83925, 0.7994],
  "dinner_plate": [27.82021, 319.8629, 1.18886, 1.1889],
  "wine_glass_1": [38.21774, 60.4942, 1.00000, 1.0000],
  "wine_glass_2": [97.80174, 60.4942, 1.00000, 1.0000],
  "coffee": [258.18415, 366.1215, 0.82520, 0.8252]
}