{
  "wine_glass": [300.92494, 371.2315, 1.00000, 1.0000],
  "charger": [288.81318, 224.6831, 1.12276, 1.1228],
  "napkin": [220.81945, 3.4595, 0.70356, 1.1100],
  "table_cloth": [-4.40748, 228.8005, 0.78513, 1.0000],
  "water_glass": [406.02342, 109.8954, 1.00000, 1.0000],
  "bread_plate": [55.00117, 144.1149, 1.00000, 1.0000],
  "dinner_knife": [374.62075, 112.5105, 1.00000, 1.2127],
  "salad_knife": [351.11313, 121.2916, 1.00000, 1.0000],
  "butter_knife": [332.77856, 144.2704, 1.00000, 1.0000],
  "salad_fork": [271.91598, 146.2837, 1.00000, 1.0709],
  "dinner_fork": [291.46008, 125.1509, 1.00000, 1.0591],
  "soup_spoon": [174.00810, 130.9012, 1.00000, 1.1606],
  "dessert_fork": [226.39601, 155.3814, 1.00000, 1.0000],
  "dessert_spoon": [200.65497, 156.6396, 1.00000, 1.0000],
  "dinner_plate": [40.81221, 22.8389, 1.14000, 1.1400],
  "wine_glass_1": [380.70479, 371.8676, 1.00000, 1.0000],
  "wine_glass_2": [341.06575, 372.3022, 1.00000, 1.0000],
  "coffee": [300.74413, 19.3695, 1.00000, 1.0000]
}