{
  "wine_glass": [381.38574, 281.3582, 1.00000, 1.0000],
  "charger": [136.49318, 91.1791, 1.12276, 1.1228],
  "napkin": [30.86744, 280.7715, 0.70356, 1.1100],
  "table_cloth": [79.81651, 228.8005, 0.78513, 1.0000],
  "water_glass": [379.14342, 226.3754, 1.00000, 1.0000],
  "bread_plate": [363.67316, 41.9709, 1.00000, 1.0000],
  "dinner_knife": [74.90875, 303.8065, 1.00000, 1.2127],
  "salad_knife": [98.88914, 312.5876, 1.00000, 1.0000],
  "butter_knife": [33.06658, 51.9824, 1.00000, 1.0000],
  "salad_fork": [51.94798, 21.7397, 1.00000, 1.0709],
  "dinner_fork": [78.21207, 14.4949, 1.00000, 1.0591],
  "soup_spoon": [40.95211, 169.8771, 1.00000, 1.1606],
  "dessert_fork": [93.34001, 194.3574, 1.00000, 1.0000],
  "dessert_spoon": [67.59896, 195.6156, 1.00000, 1.0000],
  "dinner_plate": [306.02821, 107.0629, 1.14000, 1.1400],
  "wine_glass_1": [382.04874, 386.2036, 1.00000, 1.0000],
  "wine_glass_2": [381.38574, 331.5342, 1.00000, 1.0000],
  "coffee": [271.17614, 18.0255, 1.00000, 1.0000]
}