{
  "wine_glass": [410.05780, 178.3182, 1.00000, 1.0000],
  "charger": [295.53317, 10.9871, 1.03583, 1.0358],
  "napkin": [27.73144, 321.0915, 0.60347, 0.7528],
  "table_cloth": [-1.27148, 106.4965, 0.90014, 1.0400],
  "water_glass": [338.82340, 307.9114, 1.00000, 1.0000],
  "bread_plate": [280.34517, 350.6429, 1.03928, 1.0393],
  "dinner_knife": [427.03674, 332.9265, 1.00000, 1.0023],
  "salad_knife": [400.84113, 343.4996, 1.00000, 1.1280],
  "butter_knife": [381.16256, 356.1744, 1.03740, 1.0000],
  "salad_fork": [212.77998, 348.7797, 1.00000, 0.9935],
  "dinner_fork": [236.80408, 340.6389, 1.00000, 0.9545],
  "soup_spoon": [262.71210, 345.9412, 0.96172, 0.9909],
  "dessert_fork": [398.42801, 240.5014, 0.90800, 0.7959],
  "dessert_spoon": [418.83096, 240.8636, 0.83925, 0.7994],
  "dinner_plate": [74.41221, 322.5509, 1.18886, 1.1889],
  "wine_glass_1": [302.08974, 177.8702, 1.00000, 1.0000],
  "wine_glass_2": [355.40172, 177.8702, 1.00000, 1.0000],
  "coffee": [310.60014, 228.5855, 0.82520, 0.8252]
}