{
  "wine_glass": [252.80979, 53.3262, 1.00000, 1.0000],
  "charger": [16.87718, 95.2111, 0.90206, 0.9021],
  "napkin": [321.17144, 217.1555, 0.46632, 1.0299],
  "table_cloth": [-1.27148, 236.8645, 0.81653, 1.0400],
  "water_glass": [397.06340, 234.4394, 1.00000, 1.0000],
  "bread_plate": [371.28917, 273.5869, 0.79693, 0.7969],
  "dinner_knife": [413.59676, 119.2305, 1.00000, 0.8816],
  "salad_knife": [390.08914, 128.9076, 1.00000, 0.8386],
  "butter_knife": [356.97057, 356.1744, 1.03740, 1.0000],
  "salad_fork": [303.27597, 132.3957, 1.00000, 0.9935],
  "dinner_fork": [327.30012, 124.2549, 1.00000, 0.8556],
  "soup_spoon": [305.27211, 343.7012, 0.96172, 0.9909],
  "dessert_fork": [357.21201, 150.0054, 0.79586, 0.7959],
  "dessert_spoon": [332.81497, 362.7196, 0.83925, 0.7994],
  "dinner_plate": [309.61221, 15.6709, 1.18886, 1.1889],
  "wine_glass_1": [144.84174, 52.8782, 1.00000, 1.0000],
  "wine_glass_2": [198.15373, 52.8782, 1.00000, 1.0000],
  "coffee": [380.48815, 365.2255, 0.82520, 0.8252]
}