{
  "wine_glass": [353.16173, 20.1742, 1.00000, 1.0000],
  "charger": [305.83717, 77.2911, 1.13942, 1.1394],
  "napkin": [38.03543, 85.8915, 0.51089, 1.2230],
  "table_cloth": [17.99251, 226.1125, 0.92256, 1.0400],
  "water_glass": [403.78342, 391.6874, 1.00000, 1.0000],
  "bread_plate": [333.20918, 222.5149, 1.11992, 1.1199],
  "dinner_knife": [224.09274, 112.0625, 1.00000, 1.1148],
  "salad_knife": [224.77713, 10.6356, 1.00000, 1.0295],
  "butter_knife": [285.29051, 86.4784, 1.03740, 0.9069],
  "salad_fork": [252.65198, 12.3317, 1.28710, 1.1545],
  "dinner_fork": [251.58811, 114.8469, 1.17410, 1.1207],
  "soup_spoon": [185.20811, 10.3892, 1.12271, 1.1639],
  "dessert_fork": [284.63601, 159.8614, 0.95421, 0.8364],
  "dessert_spoon": [285.77497, 18.6556, 0.91478, 0.8713],
  "dinner_plate": [80.68421, 96.7589, 1.18886, 1.1889],
  "wine_glass_1": [401.09775, 20.6222, 1.00000, 1.0000],
  "wine_glass_2": [306.56974, 22.4142, 1.00000, 1.0000],
  "coffee": [376.90414, 304.7455, 0.84657, 0.8466]
}