{
  "wine_glass": [135.03058, 64.6606, 1.00000, 1.0000],
  "charger": [303.14918, 89.3871, 1.03583, 1.0358],
  "napkin": [312.79383, 337.4435, 0.60347, 0.7528],
  "table_cloth": [-1.27148, 228.8005, 0.90014, 1.0400],
  "water_glass": [190.13222, 67.0218, 1.00000, 1.0000],
  "bread_plate": [360.98517, 354.2269, 1.03928, 1.0393],
  "dinner_knife": [118.85755, 113.8097, 1.00000, 1.0023],
  "salad_knife": [92.66194, 124.3828, 1.00000, 1.1280],
  "butter_knife": [72.98337, 137.0576, 1.03740, 1.0000],
  "salad_fork": [145.93838, 127.2437, 1.00000, 0.9935],
  "dinner_fork": [169.96251, 119.1029, 1.00000, 0.9545],
  "soup_spoon": [36.51688, 124.1364, 0.96172, 0.9909],
  "dessert_fork": [192.03441, 140.6422, 0.90800, 0.7959],
  "dessert_spoon": [212.43736, 141.0044, 0.83925, 0.7994],
  "dinner_plate": [302.89222, 232.5029, 1.18886, 1.1889],
  "wine_glass_1": [27.06254, 64.2126, 1.00000, 1.0000],
  "wine_glass_2": [80.37453, 64.2126, 1.00000, 1.0000],
  "coffee": [233.54414, 133.1615, 0.82520, 0.8252]
}