{
  "wine_glass": [368.84174, 374.0942, 1.00000, 1.0000],
  "charger": [299.11718, 13.2271, 1.12276, 1.1228],
  "napkin": [118.67544, 323.7795, 0.93601, 1.0299],
  "table_cloth": [152.39251, 149.9525, 0.78513, 1.0000],
  "water_glass": [186.95141, 376.4554, 1.00000, 1.0000],
  "bread_plate": [16.47317, 341.2349, 1.00000, 1.0000],
  "dinner_knife": [254.10875, 13.9505, 1.00000, 1.0668],
  "salad_knife": [227.91314, 25.4196, 1.00000, 1.0998],
  "butter_knife": [204.65056, 39.4384, 1.03740, 1.0000],
  "salad_fork": [40.74798, 18.6037, 1.00000, 1.0709],
  "dinner_fork": [64.77207, 11.3589, 1.00000, 0.9338],
  "soup_spoon": [173.11212, 26.9651, 1.00000, 1.0303],
  "dessert_fork": [124.70001, 41.1414, 1.00000, 1.0000],
  "dessert_spoon": [149.13502, 41.0556, 1.04990, 1.0000],
  "dinner_plate": [22.44421, 201.1429, 1.26244, 1.2624],
  "wine_glass_1": [249.67375, 373.6462, 1.00000, 1.0000],
  "wine_glass_2": [309.25773, 373.6462, 1.00000, 1.0000],
  "coffee": [96.90414, 119.7215, 1.00000, 1.0000]
}