{
  "wine_glass": [209.35379, 47.5022, 1.00000, 1.0000],
  "charger": [295.08518, 308.0111, 1.03583, 1.0358],
  "napkin": [128.08344, 321.0915, 0.60347, 0.7528],
  "table_cloth": [-1.27148, 118.1445, 0.90014, 1.0400],
  "water_glass": [317.31941, 259.5274, 1.00000, 1.0000],
  "bread_plate": [18.26517, 350.1949, 1.03928, 1.0393],
  "dinner_knife": [427.48474, 15.2945, 1.00000, 1.0023],
  "salad_knife": [401.28912, 25.8676, 1.00000, 1.1280],
  "butter_knife": [381.61058, 38.5424, 1.03740, 1.0000],
  "salad_fork": [295.21197, 28.4597, 1.00000, 0.9935],
  "dinner_fork": [319.23606, 20.3189, 1.00000, 0.9545],
  "soup_spoon": [345.14410, 25.6212, 0.96172, 0.9909],
  "dessert_fork": [398.42801, 240.5014, 0.90800, 0.7959],
  "dessert_spoon": [418.83096, 240.8636, 0.83925, 0.7994],
  "dinner_plate": [310.50820, 116.0229, 1.18886, 1.1889],
  "wine_glass_1": [101.38574, 47.0542, 1.00000, 1.0000],
  "wine_glass_2": [154.69773, 47.0542, 1.00000, 1.0000],
  "coffee": [168.13614, 354.9215, 0.82520, 0.8252]
}