{
  "wine_glass": [35.70894, 19.1035, 1.00000, 1.0000],
  "charger": [36.58918, 92.5231, 1.12276, 1.1228],
  "napkin": [220.81945, 119.0435, 0.70356, 1.1100],
  "table_cloth": [-4.40748, 228.8005, 0.78513, 1.0000],
  "water_glass": [259.07941, 99.1434, 1.00000, 1.0000],
  "bread_plate": [339.92918, 234.1629, 1.00000, 1.0000],
  "dinner_knife": [345.50075, 112.5105, 1.00000, 1.2127],
  "salad_knife": [321.99313, 121.2916, 1.00000, 1.0000],
  "butter_knife": [303.65857, 144.2704, 1.00000, 1.0000],
  "salad_fork": [271.91598, 146.2837, 1.00000, 1.0709],
  "dinner_fork": [291.46008, 232.2229, 1.00000, 1.0591],
  "soup_spoon": [174.00810, 29.2052, 1.00000, 1.1606],
  "dessert_fork": [226.39601, 53.6854, 1.00000, 1.0000],
  "dessert_spoon": [200.65497, 54.9436, 1.00000, 1.0000],
  "dinner_plate": [292.58822, 320.3109, 1.14000, 1.1400],
  "wine_glass_1": [115.48878, 19.7396, 1.00000, 1.0000],
  "wine_glass_2": [75.84974, 20.1742, 1.00000, 1.0000],
  "coffee": [351.36815, 19.3695, 1.00000, 1.0000]
}