{
  "wine_glass": [321.35374, 31.3742, 1.00000, 1.0000],
  "charger": [19.11718, 161.0671, 0.90206, 0.9021],
  "napkin": [150.03544, 16.0035, 0.46632, 1.0299],
  "table_cloth": [152.39251, 149.9525, 0.81653, 1.0400],
  "water_glass": [383.62341, 32.3914, 1.00000, 1.0000],
  "bread_plate": [158.48917, 366.3229, 0.79693, 0.7969],
  "dinner_knife": [99.10075, 23.8065, 1.00000, 0.8816],
  "salad_knife": [75.59314, 33.4836, 1.00000, 0.8386],
  "butter_knife": [345.32256, 92.7504, 1.03740, 1.0000],
  "salad_fork": [372.71599, 76.3957, 1.00000, 0.9935],
  "dinner_fork": [396.74008, 68.2549, 1.00000, 0.8556],
  "soup_spoon": [45.88011, 30.9972, 0.96172, 0.9909],
  "dessert_fork": [284.63601, 94.4534, 0.79586, 0.7959],
  "dessert_spoon": [309.07096, 94.3676, 0.83925, 0.7994],
  "dinner_plate": [27.82021, 319.8629, 1.18886, 1.1889],
  "wine_glass_1": [202.18574, 30.9262, 1.00000, 1.0000],
  "wine_glass_2": [261.76973, 30.9262, 1.00000, 1.0000],
  "coffee": [198.60014, 88.8095, 0.82520, 0.8252]
}