{
  "wine_glass": [146.18574, 87.3742, 1.00000, 1.0000],
  "charger": [204.58920, 2.4751, 0.90206, 0.9021],
  "napkin": [129.42743, 308.0995, 0.46632, 1.0299],
  "table_cloth": [152.39251, 236.8645, 0.81653, 1.0400],
  "water_glass": [88.83941, 320.4554, 1.00000, 1.0000],
  "bread_plate": [158.48917, 142.3229, 0.79693, 0.7969],
  "dinner_knife": [295.32476, 126.8465, 1.00000, 0.8816],
  "salad_knife": [271.81714, 136.5236, 1.00000, 0.8386],
  "butter_knife": [419.69057, 160.3984, 1.03740, 1.0000],
  "salad_fork": [322.98799, 141.3557, 1.00000, 0.9935],
  "dinner_fork": [347.01211, 133.2149, 1.00000, 0.8556],
  "soup_spoon": [242.10412, 134.0372, 0.96172, 0.9909],
  "dessert_fork": [377.37201, 165.6854, 0.79586, 0.7959],
  "dessert_spoon": [396.43096, 166.9436, 0.83925, 0.7994],
  "dinner_plate": [30.95621, 198.9029, 1.18886, 1.1889],
  "wine_glass_1": [38.21774, 86.9262, 1.00000, 1.0000],
  "wine_glass_2": [91.52974, 86.9262, 1.00000, 1.0000],
  "coffee": [30.15214, 339.2415, 0.82520, 0.8252]
}