{
  "wine_glass": [326.72975, 154.1262, 1.00000, 1.0000],
  "charger": [89.90118, 76.8431, 1.13942, 1.1394],
  "napkin": [26.38743, 110.5315, 0.51089, 1.2230],
  "table_cloth": [77.12852, 226.1125, 0.92256, 1.0400],
  "water_glass": [21.19141, 246.9834, 1.00000, 1.0000],
  "bread_plate": [27.67318, 15.9869, 1.11992, 1.1199],
  "dinner_knife": [349.08476, 29.6305, 1.00000, 1.1148],
  "salad_knife": [371.72113, 51.8516, 1.00000, 1.0295],
  "butter_knife": [21.77696, 361.1024, 1.03740, 0.9069],
  "salad_fork": [412.58798, 232.7478, 1.28710, 1.1545],
  "dinner_fork": [411.52411, 335.2629, 1.17410, 1.1207],
  "soup_spoon": [402.48811, 43.0931, 1.12271, 1.1639],
  "dessert_fork": [44.95601, 297.8454, 0.95421, 0.8364],
  "dessert_spoon": [46.22937, 369.4396, 0.91478, 0.8713],
  "dinner_plate": [228.07622, 3.1269, 1.18886, 1.1889],
  "wine_glass_1": [374.66574, 154.5742, 1.00000, 1.0000],
  "wine_glass_2": [274.31372, 156.3662, 1.00000, 1.0000],
  "coffee": [149.76814, 7.2735, 0.84657, 0.8466]
}