{
  "wine_glass": [353.16173, 20.1742, 1.00000, 1.0000],
  "charger": [238.18919, 77.2911, 1.13942, 1.1394],
  "napkin": [406.73943, 86.3395, 0.51089, 1.2230],
  "table_cloth": [17.99251, 226.1125, 0.92256, 1.0400],
  "water_glass": [199.04741, 89.7354, 1.00000, 1.0000],
  "bread_plate": [154.90517, 130.2269, 1.11992, 1.1199],
  "dinner_knife": [138.52475, 112.0625, 1.00000, 1.1148],
  "salad_knife": [139.20913, 10.6356, 1.00000, 1.0295],
  "butter_knife": [372.20251, 231.6304, 1.03740, 0.9069],
  "salad_fork": [412.58798, 232.7478, 1.28710, 1.1545],
  "dinner_fork": [411.52411, 335.2629, 1.17410, 1.1207],
  "soup_spoon": [99.64011, 10.3892, 1.12271, 1.1639],
  "dessert_fork": [371.54801, 305.0134, 0.95421, 0.8364],
  "dessert_spoon": [372.82131, 376.6076, 0.91478, 0.8713],
  "dinner_plate": [17.51621, 96.7589, 1.18886, 1.1889],
  "wine_glass_1": [401.09775, 20.6222, 1.00000, 1.0000],
  "wine_glass_2": [300.74579, 22.4142, 1.00000, 1.0000],
  "coffee": [166.34414, 18.4735, 0.84657, 0.8466]
}