{
  "wine_glass": [189.60590, 39.6980, 1.00000, 1.0000],
  "charger": [182.18919, 111.3391, 1.12276, 1.1228],
  "napkin": [398.22743, 166.5315, 0.93601, 1.0299],
  "table_cloth": [-2.61549, 244.4805, 0.78513, 1.0000],
  "water_glass": [396.16741, 295.8154, 1.00000, 1.0000],
  "bread_plate": [358.74517, 343.0269, 1.00000, 1.0000],
  "dinner_knife": [373.72476, 52.0305, 1.00000, 1.0668],
  "salad_knife": [348.42514, 72.0116, 1.00000, 1.0998],
  "butter_knife": [111.01862, 44.8144, 1.03740, 1.0000],
  "salad_fork": [128.10799, 34.7317, 1.00000, 1.0709],
  "dinner_fork": [152.13207, 27.4869, 1.00000, 0.9338],
  "soup_spoon": [396.66411, 69.5252, 1.00000, 1.0303],
  "dessert_fork": [59.74001, 50.5494, 1.00000, 1.0000],
  "dessert_spoon": [84.17496, 50.4636, 1.04990, 1.0000],
  "dinner_plate": [40.36421, 128.5669, 1.26244, 1.2624],
  "wine_glass_1": [269.38574, 40.3342, 1.00000, 1.0000],
  "wine_glass_2": [229.74675, 40.7687, 1.00000, 1.0000],
  "coffee": [309.70415, 264.8735, 1.00000, 1.0000]
}