{
  "wine_glass": [93.73390, 362.7060, 1.00000, 1.0000],
  "charger": [295.98119, 290.9871, 1.12276, 1.1228],
  "napkin": [43.85944, 16.0035, 0.93601, 1.0299],
  "table_cloth": [-2.61549, 148.1605, 0.78513, 1.0000],
  "water_glass": [48.51941, 363.9114, 1.00000, 1.0000],
  "bread_plate": [96.21718, 17.7789, 1.00000, 1.0000],
  "dinner_knife": [395.22875, 168.0625, 1.00000, 1.0668],
  "salad_knife": [369.92913, 188.0436, 1.00000, 1.0998],
  "butter_knife": [300.97057, 194.8944, 1.03740, 1.0000],
  "salad_fork": [318.05997, 184.8117, 1.00000, 1.0709],
  "dinner_fork": [342.08406, 177.5669, 1.00000, 0.9338],
  "soup_spoon": [418.16810, 185.5571, 1.00000, 1.0303],
  "dessert_fork": [399.32400, 90.4214, 1.00000, 1.0000],
  "dessert_spoon": [419.72698, 97.9516, 1.04990, 1.0000],
  "dinner_plate": [268.84420, 18.8069, 1.26244, 1.2624],
  "wine_glass_1": [173.51374, 363.3422, 1.00000, 1.0000],
  "wine_glass_2": [133.87474, 363.7767, 1.00000, 1.0000],
  "coffee": [182.47213, 71.7855, 1.00000, 1.0000]
}