{
  "wine_glass": [69.57774, 19.7262, 1.00000, 1.0000],
  "charger": [305.83717, 3.8191, 1.13942, 1.1394],
  "napkin": [358.80343, 192.5155, 0.51089, 1.2230],
  "table_cloth": [12.16852, 131.1365, 0.92256, 1.0400],
  "water_glass": [405.12740, 153.7994, 1.00000, 1.0000],
  "bread_plate": [177.30517, 351.9869, 1.11992, 1.1199],
  "dinner_knife": [345.50080, 331.1345, 1.00000, 1.1148],
  "salad_knife": [63.94514, 350.2196, 1.00000, 1.0295],
  "butter_knife": [406.69857, 305.5504, 1.03740, 0.9069],
  "salad_fork": [91.81998, 351.9157, 1.28710, 1.1545],
  "dinner_fork": [372.99617, 333.9189, 1.17410, 1.1207],
  "soup_spoon": [24.37611, 349.9732, 1.12271, 1.1639],
  "dessert_fork": [154.71601, 356.9814, 0.95421, 0.8364],
  "dessert_spoon": [124.94297, 358.2396, 0.91478, 0.8713],
  "dinner_plate": [172.97221, 8.9509, 1.18886, 1.1889],
  "wine_glass_1": [117.51374, 20.1742, 1.00000, 1.0000],
  "wine_glass_2": [22.98573, 21.9662, 1.00000, 1.0000],
  "coffee": [264.90414, 362.9855, 0.84657, 0.8466]
}