{
  "wine_glass": [44.22094, 224.2875, 1.00000, 1.0000],
  "charger": [28.07718, 3.3711, 1.12276, 1.1228],
  "napkin": [300.11544, 3.4595, 0.70356, 1.1100],
  "table_cloth": [155.08051, 229.2485, 0.78513, 1.0000],
  "water_glass": [406.02342, 109.8954, 1.00000, 1.0000],
  "bread_plate": [325.14518, 144.5629, 1.00000, 1.0000],
  "dinner_knife": [254.10875, 13.5025, 1.00000, 1.2127],
  "salad_knife": [230.60113, 22.2836, 1.00000, 1.0000],
  "butter_knife": [212.26657, 45.2624, 1.00000, 1.0000],
  "salad_fork": [271.91598, 146.2837, 1.00000, 1.0709],
  "dinner_fork": [291.46008, 125.1509, 1.00000, 1.0591],
  "soup_spoon": [174.00810, 130.9012, 1.00000, 1.1606],
  "dessert_fork": [226.39601, 155.3814, 1.00000, 1.0000],
  "dessert_spoon": [200.65497, 156.6396, 1.00000, 1.0000],
  "dinner_plate": [40.36421, 287.1589, 1.14000, 1.1400],
  "wine_glass_1": [124.00078, 224.9236, 1.00000, 1.0000],
  "wine_glass_2": [84.36173, 225.3582, 1.00000, 1.0000],
  "coffee": [350.47213, 16.2335, 1.00000, 1.0000]
}