{
  "wine_glass": [35.08174, 221.7742, 1.00000, 1.0000],
  "charger": [315.69318, -0.2129, 1.03583, 1.0358],
  "napkin": [36.24343, 323.7795, 0.60347, 0.7528],
  "table_cloth": [67.72051, 228.8005, 0.90014, 1.0400],
  "water_glass": [380.48740, 272.9674, 1.00000, 1.0000],
  "bread_plate": [213.14518, 10.1629, 1.03928, 1.0393],
  "dinner_knife": [280.98875, 119.6785, 1.00000, 1.0023],
  "salad_knife": [313.03314, 127.1156, 1.00000, 1.1280],
  "butter_knife": [376.23457, 147.8544, 1.03740, 1.0000],
  "salad_fork": [247.27597, 131.0517, 1.00000, 0.9935],
  "dinner_fork": [213.95607, 121.1189, 1.00000, 0.9545],
  "soup_spoon": [338.42411, 130.0052, 0.96172, 0.9909],
  "dessert_fork": [427.10002, 155.3814, 0.90800, 0.7959],
  "dessert_spoon": [398.67095, 153.5036, 0.83925, 0.7994],
  "dinner_plate": [82.92421, 96.7589, 1.18886, 1.1889],
  "wine_glass_1": [30.60174, 100.3662, 1.00000, 1.0000],
  "wine_glass_2": [31.94573, 158.6062, 1.00000, 1.0000],
  "coffee": [372.42414, 350.8895, 0.82520, 0.8252]
}