{
  "wine_glass": [93.73390, 362.7060, 1.00000, 1.0000],
  "charger": [292.39719, 290.9871, 1.12276, 1.1228],
  "napkin": [237.84344, 326.0195, 0.70356, 1.1100],
  "table_cloth": [-2.61549, 123.0725, 0.78513, 1.0000],
  "water_glass": [41.35141, 42.2474, 1.00000, 1.0000],
  "bread_plate": [349.33716, 18.2269, 1.00000, 1.0000],
  "dinner_knife": [257.69276, 16.6385, 1.00000, 1.2127],
  "salad_knife": [122.63313, 19.1476, 1.00000, 1.0000],
  "butter_knife": [288.42657, 18.8304, 1.00000, 1.0000],
  "salad_fork": [198.44397, 34.2838, 1.00000, 1.0709],
  "dinner_fork": [155.26807, 13.1509, 1.00000, 1.0591],
  "soup_spoon": [297.20811, 183.7651, 1.00000, 1.1606],
  "dessert_fork": [176.22001, 43.8294, 1.00000, 1.0000],
  "dessert_spoon": [219.91896, 51.3596, 1.00000, 1.0000],
  "dinner_plate": [321.70822, 159.4789, 1.14000, 1.1400],
  "wine_glass_1": [173.51374, 363.3422, 1.00000, 1.0000],
  "wine_glass_2": [133.87474, 363.7767, 1.00000, 1.0000],
  "coffee": [293.57615, 93.7375, 1.00000, 1.0000]
}