{
  "wine_glass": [153.35374, 19.7262, 1.00000, 1.0000],
  "charger": [305.83717, 3.8191, 1.13942, 1.1394],
  "napkin": [38.03543, 5.2515, 0.51089, 1.2230],
  "table_cloth": [12.16852, 131.1365, 0.92256, 1.0400],
  "water_glass": [403.78342, 391.6874, 1.00000, 1.0000],
  "bread_plate": [15.12917, 351.5389, 1.11992, 1.1199],
  "dinner_knife": [345.50080, 331.1345, 1.00000, 1.1148],
  "salad_knife": [224.32913, 350.6676, 1.00000, 1.0295],
  "butter_knife": [406.69857, 305.5504, 1.03740, 0.9069],
  "salad_fork": [252.20399, 352.3637, 1.28710, 1.1545],
  "dinner_fork": [372.99617, 333.9189, 1.17410, 1.1207],
  "soup_spoon": [184.76011, 350.4212, 1.12271, 1.1639],
  "dessert_fork": [315.10002, 357.4294, 0.95421, 0.8364],
  "dessert_spoon": [285.32697, 358.6876, 0.91478, 0.8713],
  "dinner_plate": [330.22021, 164.8549, 1.18886, 1.1889],
  "wine_glass_1": [201.28973, 20.1742, 1.00000, 1.0000],
  "wine_glass_2": [106.76173, 21.9662, 1.00000, 1.0000],
  "coffee": [102.72815, 362.5375, 0.84657, 0.8466]
}