{
  "wine_glass": [319.29289, 82.7195, 1.00000, 1.0000],
  "charger": [24.49318, 5.6111, 1.12276, 1.1228],
  "napkin": [30.86744, 280.7715, 0.70356, 1.1100],
  "table_cloth": [79.81651, 228.8005, 0.78513, 1.0000],
  "water_glass": [292.67941, 199.0474, 1.00000, 1.0000],
  "bread_plate": [363.22517, 234.1629, 1.00000, 1.0000],
  "dinner_knife": [74.90875, 303.8065, 1.00000, 1.2127],
  "salad_knife": [98.88914, 312.5876, 1.00000, 1.0000],
  "butter_knife": [367.72257, 357.9664, 1.00000, 1.0000],
  "salad_fork": [386.60397, 327.7237, 1.00000, 1.0709],
  "dinner_fork": [412.86806, 320.4789, 1.00000, 1.0591],
  "soup_spoon": [40.95211, 169.8771, 1.00000, 1.1606],
  "dessert_fork": [93.34001, 194.3574, 1.00000, 1.0000],
  "dessert_spoon": [67.59896, 195.6156, 1.00000, 1.0000],
  "dinner_plate": [138.02821, 106.6149, 1.14000, 1.1400],
  "wine_glass_1": [399.07274, 83.3556, 1.00000, 1.0000],
  "wine_glass_2": [359.43372, 83.7902, 1.00000, 1.0000],
  "coffee": [351.36815, 150.6335, 1.00000, 1.0000]
}