{
  "wine_glass": [38.21774, 223.1182, 1.00000, 1.0000],
  "charger": [10.15718, -0.6609, 1.03583, 1.0358],
  "napkin": [330.13143, 330.9475, 0.60347, 0.7528],
  "table_cloth": [143.88052, 102.4645, 0.90014, 1.0400],
  "water_glass": [39.55941, 163.6554, 1.00000, 1.0000],
  "bread_plate": [160.72917, 10.6109, 1.03928, 1.0393],
  "dinner_knife": [376.41275, 330.6865, 1.00000, 1.0023],
  "salad_knife": [408.45714, 338.1236, 1.00000, 1.1280],
  "butter_knife": [34.85855, 362.8944, 1.03740, 1.0000],
  "salad_fork": [40.74798, 266.3478, 1.00000, 0.9935],
  "dinner_fork": [78.21207, 256.4149, 1.00000, 0.9545],
  "soup_spoon": [116.66411, 258.5812, 0.96172, 0.9909],
  "dessert_fork": [85.72401, 370.4214, 0.90800, 0.7959],
  "dessert_spoon": [57.29496, 368.5436, 0.83925, 0.7994],
  "dinner_plate": [205.22820, 323.4469, 1.18886, 1.1889],
  "wine_glass_1": [99.14574, 216.8462, 1.00000, 1.0000],
  "wine_glass_2": [100.48979, 159.9502, 1.00000, 1.0000],
  "coffee": [122.44015, 347.3055, 0.82520, 0.8252]
}