{
  "wine_glass": [268.04173, 76.6222, 1.00000, 1.0000],
  "charger": [16.87718, 95.2111, 0.90206, 0.9021],
  "napkin": [382.54745, 240.8995, 0.46632, 1.0299],
  "table_cloth": [77.57652, 236.8645, 0.81653, 1.0400],
  "water_glass": [396.61541, 388.1034, 1.00000, 1.0000],
  "bread_plate": [158.48917, 132.0189, 0.79693, 0.7969],
  "dinner_knife": [49.82075, 339.1985, 1.00000, 0.8816],
  "salad_knife": [26.31314, 348.8756, 1.00000, 0.8386],
  "butter_knife": [108.77856, 23.3104, 1.03740, 1.0000],
  "salad_fork": [11.62798, 258.2837, 1.00000, 0.9935],
  "dinner_fork": [35.65210, 250.1429, 1.00000, 0.8556],
  "soup_spoon": [49.46415, 10.8372, 0.96172, 0.9909],
  "dessert_fork": [65.56401, 275.8934, 0.79586, 0.7959],
  "dessert_spoon": [85.51897, 29.8556, 0.83925, 0.7994],
  "dinner_plate": [319.91621, 109.7509, 1.18886, 1.1889],
  "wine_glass_1": [160.07374, 76.1742, 1.00000, 1.0000],
  "wine_glass_2": [213.38574, 76.1742, 1.00000, 1.0000],
  "coffee": [239.36815, 138.9855, 0.82520, 0.8252]
}