{
  "wine_glass": [410.05780, 178.3182, 1.00000, 1.0000],
  "charger": [135.59719, 299.9471, 0.90206, 0.9021],
  "napkin": [282.64342, 318.4035, 0.46632, 1.0299],
  "table_cloth": [-1.27148, 106.4965, 0.81653, 1.0400],
  "water_glass": [347.78342, 302.9834, 1.00000, 1.0000],
  "bread_plate": [371.28917, 220.7229, 0.79693, 0.7969],
  "dinner_knife": [426.58875, 327.9985, 1.00000, 0.8816],
  "salad_knife": [403.08113, 337.6756, 1.00000, 0.8386],
  "butter_knife": [381.16256, 356.1744, 1.03740, 1.0000],
  "salad_fork": [344.93997, 80.4277, 1.00000, 0.9935],
  "dinner_fork": [368.96407, 72.2869, 1.00000, 0.8556],
  "soup_spoon": [329.46412, 343.7012, 0.96172, 0.9909],
  "dessert_fork": [398.87601, 98.0374, 0.79586, 0.7959],
  "dessert_spoon": [357.00696, 362.7196, 0.83925, 0.7994],
  "dinner_plate": [25.58021, 315.3829, 1.18886, 1.1889],
  "wine_glass_1": [302.08974, 177.8702, 1.00000, 1.0000],
  "wine_glass_2": [355.40172, 177.8702, 1.00000, 1.0000],
  "coffee": [310.60014, 228.5855, 0.82520, 0.8252]
}