{
  "wine_glass": [405.57777, 135.3102, 1.00000, 1.0000],
  "charger": [138.28518, 89.3871, 1.03583, 1.0358],
  "napkin": [312.79383, 337.4435, 0.60347, 0.7528],
  "table_cloth": [67.72051, 228.8005, 0.90014, 1.0400],
  "water_glass": [19.39941, 66.8874, 1.00000, 1.0000],
  "bread_plate": [250.32918, 10.1629, 1.03928, 1.0393],
  "dinner_knife": [374.17276, 185.9825, 1.00000, 1.0023],
  "salad_knife": [428.61715, 214.9236, 1.00000, 1.1280],
  "butter_knife": [404.01056, 290.7664, 1.03740, 1.0000],
  "salad_fork": [38.50798, 234.9878, 1.00000, 0.9935],
  "dinner_fork": [38.78807, 333.4709, 1.00000, 0.9545],
  "soup_spoon": [371.57611, 296.6612, 0.96172, 0.9909],
  "dessert_fork": [403.80402, 365.0454, 0.90800, 0.7959],
  "dessert_spoon": [429.13496, 317.0236, 0.83925, 0.7994],
  "dinner_plate": [21.54821, 111.5429, 1.18886, 1.1889],
  "wine_glass_1": [297.60975, 134.8622, 1.00000, 1.0000],
  "wine_glass_2": [350.92173, 134.8622, 1.00000, 1.0000],
  "coffee": [351.36815, 15.3375, 0.82520, 0.8252]
}