{
  "wine_glass": [266.69775, 30.9262, 1.00000, 1.0000],
  "charger": [7.02118, 300.8431, 1.13942, 1.1394],
  "napkin": [396.88342, 318.4035, 0.51089, 1.2230],
  "table_cloth": [121.03252, 102.4645, 0.92256, 1.0400],
  "water_glass": [388.10341, 35.5274, 1.00000, 1.0000],
  "bread_plate": [27.22518, 203.2509, 1.11992, 1.1199],
  "dinner_knife": [166.74874, 329.7905, 1.00000, 1.1148],
  "salad_knife": [201.92914, 352.0116, 1.00000, 1.0295],
  "butter_knife": [258.85855, 366.4784, 1.03740, 0.9069],
  "salad_fork": [336.42797, 342.9558, 1.28710, 1.1545],
  "dinner_fork": [360.00407, 333.0229, 1.17410, 1.1207],
  "soup_spoon": [227.76812, 348.1812, 1.12271, 1.1639],
  "dessert_fork": [309.72400, 374.0054, 0.95421, 0.8364],
  "dessert_spoon": [288.01496, 374.8156, 0.91478, 0.8713],
  "dinner_plate": [12.14021, -1.3531, 1.18886, 1.1889],
  "wine_glass_1": [330.31373, 31.3742, 1.00000, 1.0000],
  "wine_glass_2": [208.45775, 33.1662, 1.00000, 1.0000],
  "coffee": [37.32014, 125.9935, 0.84657, 0.8466]
}