{
  "wine_glass": [246.98573, 17.4862, 1.00000, 1.0000],
  "charger": [299.11718, 13.2271, 1.12276, 1.1228],
  "napkin": [97.17144, 210.4355, 0.93601, 1.0299],
  "table_cloth": [152.39251, 244.4805, 0.78513, 1.0000],
  "water_glass": [244.29542, 174.8554, 1.00000, 1.0000],
  "bread_plate": [149.08118, 166.9629, 1.00000, 1.0000],
  "dinner_knife": [130.46074, 327.1025, 1.00000, 1.0668],
  "salad_knife": [104.26514, 338.5716, 1.00000, 1.0998],
  "butter_knife": [204.65056, 39.4384, 1.03740, 1.0000],
  "salad_fork": [40.29998, 323.6917, 1.00000, 1.0709],
  "dinner_fork": [64.32407, 316.4469, 1.00000, 0.9338],
  "soup_spoon": [173.11212, 26.9651, 1.00000, 1.0303],
  "dessert_fork": [124.70001, 41.1414, 1.00000, 1.0000],
  "dessert_spoon": [149.13502, 41.0556, 1.04990, 1.0000],
  "dinner_plate": [22.44421, 95.4149, 1.26244, 1.2624],
  "wine_glass_1": [241.60975, 117.8382, 1.00000, 1.0000],
  "wine_glass_2": [242.05774, 66.7662, 1.00000, 1.0000],
  "coffee": [338.82415, 169.0015, 1.00000, 1.0000]
}