{
  "wine_glass": [146.18574, 60.9422, 1.00000, 1.0000],
  "charger": [304.94118, 2.4751, 0.90206, 0.9021],
  "napkin": [280.40343, 131.1395, 0.46632, 1.0299],
  "table_cloth": [152.39251, 236.8645, 0.81653, 1.0400],
  "water_glass": [403.33540, 171.2714, 1.00000, 1.0000],
  "bread_plate": [198.36118, 149.0429, 0.79693, 0.7969],
  "dinner_knife": [98.65275, 204.7985, 1.00000, 0.8816],
  "salad_knife": [75.14514, 214.4756, 1.00000, 0.8386],
  "butter_knife": [105.64256, 133.9664, 1.03740, 1.0000],
  "salad_fork": [59.56398, 315.6278, 1.00000, 0.9935],
  "dinner_fork": [83.58811, 307.4869, 1.00000, 0.8556],
  "soup_spoon": [45.43211, 211.9892, 0.96172, 0.9909],
  "dessert_fork": [44.95601, 135.6694, 0.79586, 0.7959],
  "dessert_spoon": [69.39101, 135.5836, 0.83925, 0.7994],
  "dinner_plate": [195.82021, 15.6709, 1.18886, 1.1889],
  "wine_glass_1": [38.21774, 60.4942, 1.00000, 1.0000],
  "wine_glass_2": [91.52974, 60.4942, 1.00000, 1.0000],
  "coffee": [321.80013, 154.6655, 0.82520, 0.8252]
}