{
  "wine_glass": [165.44974, 106.1902, 1.00000, 1.0000],
  "charger": [294.63718, 111.3391, 1.12276, 1.1228],
  "napkin": [397.77944, 326.9155, 0.93601, 1.0299],
  "table_cloth": [-2.61549, 244.4805, 0.78513, 1.0000],
  "water_glass": [399.30340, 270.2794, 1.00000, 1.0000],
  "bread_plate": [349.78518, 17.3309, 1.00000, 1.0000],
  "dinner_knife": [238.42874, 125.0545, 1.00000, 1.0668],
  "salad_knife": [213.12914, 145.0356, 1.00000, 1.0998],
  "butter_knife": [82.79461, 154.5744, 1.03740, 1.0000],
  "salad_fork": [99.88398, 144.4917, 1.00000, 1.0709],
  "dinner_fork": [123.90807, 137.2469, 1.00000, 0.9338],
  "soup_spoon": [261.36811, 142.5492, 1.00000, 1.0303],
  "dessert_fork": [31.51601, 160.3094, 1.00000, 1.0000],
  "dessert_spoon": [55.95101, 160.2236, 1.04990, 1.0000],
  "dinner_plate": [40.36421, 16.5669, 1.26244, 1.2624],
  "wine_glass_1": [160.07374, 206.5422, 1.00000, 1.0000],
  "wine_glass_2": [160.52173, 155.4702, 1.00000, 1.0000],
  "coffee": [309.70415, 274.7295, 1.00000, 1.0000]
}