{
  "wine_glass": [287.75374, 20.1742, 1.00000, 1.0000],
  "charger": [21.80519, 76.8431, 1.13942, 1.1394],
  "napkin": [181.39543, 7.9395, 0.51089, 1.2230],
  "table_cloth": [77.12852, 226.1125, 0.92256, 1.0400],
  "water_glass": [21.63941, 31.9434, 1.00000, 1.0000],
  "bread_plate": [166.55318, 130.2269, 1.11992, 1.1199],
  "dinner_knife": [412.25275, 112.5105, 1.00000, 1.1148],
  "salad_knife": [412.93713, 11.0836, 1.00000, 1.0295],
  "butter_knife": [45.61056, 224.4624, 1.03740, 0.9069],
  "salad_fork": [412.58798, 232.7478, 1.28710, 1.1545],
  "dinner_fork": [411.52411, 335.2629, 1.17410, 1.1207],
  "soup_spoon": [376.50410, 43.0931, 1.12271, 1.1639],
  "dessert_fork": [44.95601, 297.8454, 0.95421, 0.8364],
  "dessert_spoon": [46.22937, 369.4396, 0.91478, 0.8713],
  "dinner_plate": [249.13222, 97.2069, 1.18886, 1.1889],
  "wine_glass_1": [335.68974, 20.6222, 1.00000, 1.0000],
  "wine_glass_2": [235.33775, 22.4142, 1.00000, 1.0000],
  "coffee": [100.93614, 7.2735, 0.84657, 0.8466]
}