{
  "wine_glass": [266.21389, 30.2900, 1.00000, 1.0000],
  "charger": [44.20518, 298.6031, 1.12276, 1.1228],
  "napkin": [42.96343, 136.5155, 0.70356, 1.1100],
  "table_cloth": [158.21652, 123.5205, 0.78513, 1.0000],
  "water_glass": [406.02342, 27.4634, 1.00000, 1.0000],
  "bread_plate": [347.99318, 336.7549, 1.00000, 1.0000],
  "dinner_knife": [229.46875, 328.4465, 1.00000, 1.2127],
  "salad_knife": [249.86512, 344.3956, 1.00000, 1.0000],
  "butter_knife": [273.19456, 357.5184, 1.00000, 1.0000],
  "salad_fork": [139.75593, 164.2037, 1.00000, 1.0709],
  "dinner_fork": [96.58007, 143.0709, 1.00000, 1.0591],
  "soup_spoon": [293.17611, 332.9491, 1.00000, 1.1606],
  "dessert_fork": [117.53201, 173.7494, 1.00000, 1.0000],
  "dessert_spoon": [161.23097, 181.2796, 1.00000, 1.0000],
  "dinner_plate": [25.13221, 7.1589, 1.14000, 1.1400],
  "wine_glass_1": [345.99374, 30.9262, 1.00000, 1.0000],
  "wine_glass_2": [306.35475, 31.3607, 1.00000, 1.0000],
  "coffee": [169.92813, 27.4335, 1.00000, 1.0000]
}