{
  "wine_glass": [189.64174, 30.9262, 1.00000, 1.0000],
  "charger": [7.02118, 300.8431, 1.13942, 1.1394],
  "napkin": [265.17144, 318.4035, 0.51089, 1.2230],
  "table_cloth": [121.03252, 102.4645, 0.92256, 1.0400],
  "water_glass": [311.04741, 35.5274, 1.00000, 1.0000],
  "bread_plate": [27.67318, 21.3629, 1.11992, 1.1199],
  "dinner_knife": [166.74874, 329.7905, 1.00000, 1.1148],
  "salad_knife": [201.92914, 352.0116, 1.00000, 1.0295],
  "butter_knife": [35.30656, 114.7024, 1.03740, 0.9069],
  "salad_fork": [39.40398, 196.0117, 1.28710, 1.1545],
  "dinner_fork": [62.98007, 186.0789, 1.17410, 1.1207],
  "soup_spoon": [227.76812, 348.1812, 1.12271, 1.1639],
  "dessert_fork": [86.17201, 122.2294, 0.95421, 0.8364],
  "dessert_spoon": [64.46296, 123.0396, 0.91478, 0.8713],
  "dinner_plate": [316.33221, 324.7909, 1.18886, 1.1889],
  "wine_glass_1": [253.25773, 31.3742, 1.00000, 1.0000],
  "wine_glass_2": [131.40174, 33.1662, 1.00000, 1.0000],
  "coffee": [366.60014, 22.5055, 0.84657, 0.8466]
}