{
  "wine_glass": [94.18190, 38.3540, 1.00000, 1.0000],
  "charger": [292.84518, 142.6991, 1.12276, 1.1228],
  "napkin": [396.88342, 298.6915, 0.70356, 1.1100],
  "table_cloth": [-2.61549, 123.0725, 0.78513, 1.0000],
  "water_glass": [41.35141, 39.1114, 1.00000, 1.0000],
  "bread_plate": [216.28117, 26.2909, 1.00000, 1.0000],
  "dinner_knife": [233.05276, 323.5186, 1.00000, 1.2127],
  "salad_knife": [253.44913, 339.4676, 1.00000, 1.0000],
  "butter_knife": [276.77856, 352.5904, 1.00000, 1.0000],
  "salad_fork": [77.48394, 343.4037, 1.00000, 1.0709],
  "dinner_fork": [34.30806, 322.2709, 1.00000, 1.0591],
  "soup_spoon": [296.76011, 328.0212, 1.00000, 1.1606],
  "dessert_fork": [55.26001, 352.9494, 1.00000, 1.0000],
  "dessert_spoon": [98.95897, 360.4796, 1.00000, 1.0000],
  "dinner_plate": [311.85221, 12.9829, 1.14000, 1.1400],
  "wine_glass_1": [173.96174, 38.9902, 1.00000, 1.0000],
  "wine_glass_2": [134.32274, 39.4248, 1.00000, 1.0000],
  "coffee": [138.56814, 342.8255, 1.00000, 1.0000]
}