{
  "wine_glass": [209.35379, 47.5022, 1.00000, 1.0000],
  "charger": [107.82119, 88.9391, 1.03583, 1.0358],
  "napkin": [45.65143, 24.9635, 0.60347, 0.7528],
  "table_cloth": [-1.27148, 228.8005, 0.90014, 1.0400],
  "water_glass": [264.45540, 49.8634, 1.00000, 1.0000],
  "bread_plate": [18.71317, 136.4989, 1.03928, 1.0393],
  "dinner_knife": [400.60474, 114.3025, 1.00000, 1.0023],
  "salad_knife": [374.40915, 124.8756, 1.00000, 1.1280],
  "butter_knife": [354.73058, 137.5504, 1.03740, 1.0000],
  "salad_fork": [268.33197, 127.4678, 1.00000, 0.9935],
  "dinner_fork": [292.35606, 119.3269, 1.00000, 0.9545],
  "soup_spoon": [318.26410, 124.6292, 0.96172, 0.9909],
  "dessert_fork": [398.42801, 240.5014, 0.90800, 0.7959],
  "dessert_spoon": [418.83096, 240.8636, 0.83925, 0.7994],
  "dinner_plate": [310.06021, 314.4869, 1.18886, 1.1889],
  "wine_glass_1": [101.38574, 47.0542, 1.00000, 1.0000],
  "wine_glass_2": [154.69773, 47.0542, 1.00000, 1.0000],
  "coffee": [316.42414, 232.6175, 0.82520, 0.8252]
}