{
  "wine_glass": [93.73390, 362.7060, 1.00000, 1.0000],
  "charger": [296.87718, 11.8831, 1.12276, 1.1228],
  "napkin": [398.22743, 166.5315, 0.93601, 1.0299],
  "table_cloth": [-2.61549, 148.1605, 0.78513, 1.0000],
  "water_glass": [307.46341, 273.8634, 1.00000, 1.0000],
  "bread_plate": [294.23318, 174.1309, 1.00000, 1.0000],
  "dinner_knife": [205.27675, 17.9825, 1.00000, 1.0668],
  "salad_knife": [179.97714, 37.9636, 1.00000, 1.0998],
  "butter_knife": [111.01862, 44.8144, 1.03740, 1.0000],
  "salad_fork": [128.10799, 34.7317, 1.00000, 1.0709],
  "dinner_fork": [152.13207, 27.4869, 1.00000, 0.9338],
  "soup_spoon": [228.21611, 35.4772, 1.00000, 1.0303],
  "dessert_fork": [59.74001, 50.5494, 1.00000, 1.0000],
  "dessert_spoon": [84.17496, 50.4636, 1.04990, 1.0000],
  "dinner_plate": [328.87621, 312.2469, 1.26244, 1.2624],
  "wine_glass_1": [173.51374, 363.3422, 1.00000, 1.0000],
  "wine_glass_2": [133.87474, 363.7767, 1.00000, 1.0000],
  "coffee": [239.36815, 364.3295, 1.00000, 1.0000]
}