{
  "wine_glass": [388.55373, 338.7022, 1.00000, 1.0000],
  "charger": [206.82919, -0.2129, 1.03583, 1.0358],
  "napkin": [38.03543, 15.5555, 0.60347, 0.7528],
  "table_cloth": [67.72051, 228.8005, 0.90014, 1.0400],
  "water_glass": [389.89536, 394.3754, 1.00000, 1.0000],
  "bread_plate": [352.02518, 33.0109, 1.03928, 1.0393],
  "dinner_knife": [155.10075, 125.9505, 1.00000, 1.0023],
  "salad_knife": [187.14513, 133.3876, 1.00000, 1.1280],
  "butter_knife": [73.83457, 147.4064, 1.03740, 1.0000],
  "salad_fork": [247.27597, 137.7718, 1.00000, 0.9935],
  "dinner_fork": [213.95607, 127.8389, 1.00000, 0.9545],
  "soup_spoon": [338.42411, 130.0052, 0.96172, 0.9909],
  "dessert_fork": [124.70001, 154.9334, 0.90800, 0.7959],
  "dessert_spoon": [96.27092, 153.0556, 0.83925, 0.7994],
  "dinner_plate": [82.92421, 14.3269, 1.18886, 1.1889],
  "wine_glass_1": [384.07373, 217.2942, 1.00000, 1.0000],
  "wine_glass_2": [385.41774, 275.5342, 1.00000, 1.0000],
  "coffee": [369.73615, 136.7455, 0.82520, 0.8252]
}