{
  "wine_glass": [38.21774, 223.1182, 1.00000, 1.0000],
  "charger": [10.15718, -0.6609, 1.03583, 1.0358],
  "napkin": [319.82743, 114.1155, 0.60347, 0.7528],
  "table_cloth": [143.88052, 228.8005, 0.90014, 1.0400],
  "water_glass": [39.55941, 278.7914, 1.00000, 1.0000],
  "bread_plate": [220.31317, 134.7069, 1.03928, 1.0393],
  "dinner_knife": [155.10075, 125.9505, 1.00000, 1.0023],
  "salad_knife": [187.14513, 133.3876, 1.00000, 1.1280],
  "butter_knife": [73.38657, 350.3504, 1.03740, 1.0000],
  "salad_fork": [40.74798, 137.3237, 1.00000, 0.9935],
  "dinner_fork": [78.21207, 127.3909, 1.00000, 0.9545],
  "soup_spoon": [116.66411, 129.5572, 0.96172, 0.9909],
  "dessert_fork": [124.25202, 357.8774, 0.90800, 0.7959],
  "dessert_spoon": [95.82297, 355.9996, 0.83925, 0.7994],
  "dinner_plate": [205.67622, 14.3269, 1.18886, 1.1889],
  "wine_glass_1": [99.14574, 216.8462, 1.00000, 1.0000],
  "wine_glass_2": [100.48973, 275.0862, 1.00000, 1.0000],
  "coffee": [369.73615, 136.7455, 0.82520, 0.8252]
}