{
  "wine_glass": [246.98573, 17.4862, 1.00000, 1.0000],
  "charger": [30.76518, 12.7791, 1.12276, 1.1228],
  "napkin": [324.75544, 139.6515, 0.93601, 1.0299],
  "table_cloth": [77.12852, 244.4805, 0.78513, 1.0000],
  "water_glass": [244.29542, 174.8554, 1.00000, 1.0000],
  "bread_plate": [21.84917, 160.6909, 1.00000, 1.0000],
  "dinner_knife": [410.90874, 327.5505, 1.00000, 1.0668],
  "salad_knife": [388.74513, 339.0196, 1.00000, 1.0998],
  "butter_knife": [413.41857, 252.2384, 1.03740, 1.0000],
  "salad_fork": [40.29998, 323.6917, 1.00000, 1.0709],
  "dinner_fork": [64.32407, 316.4469, 1.00000, 0.9338],
  "soup_spoon": [381.88011, 239.7651, 1.00000, 1.0303],
  "dessert_fork": [41.37201, 253.4934, 1.00000, 1.0000],
  "dessert_spoon": [65.80697, 253.4076, 1.04990, 1.0000],
  "dinner_plate": [117.86821, 139.7669, 1.26244, 1.2624],
  "wine_glass_1": [241.60975, 117.8382, 1.00000, 1.0000],
  "wine_glass_2": [242.05774, 66.7662, 1.00000, 1.0000],
  "coffee": [338.82415, 41.7695, 1.00000, 1.0000]
}